date,ticker,interval,lo_pct,hi_pct,actual_pct,width_pp,covered,interval_score
2026-08-31,2327.TW,50,-3.1370091627762635,4.879620332591327,-8.710217755443884,8.01662949536759,False,30.309463866038072
2026-08-31,2327.TW,80_sigma20,-6.152757641309734,9.620734211439128,-8.710217755443884,15.773491852748862,False,41.348092994090365
2026-08-31,2327.TW,80_sigma5,-5.033650581091799,8.199822704085708,-8.710217755443884,13.233473285177507,False,49.99914502869835
2026-09-01,2327.TW,50,-3.187916037573421,4.856148001684749,4.220183486238538,8.04406403925817,True,8.04406403925817
2026-09-01,2327.TW,80_sigma20,-6.215447218411361,9.591277391903793,4.220183486238538,15.806724610315154,True,15.806724610315154
2026-09-01,2327.TW,80_sigma5,-8.612103802657352,10.0,4.220183486238538,18.61210380265735,True,18.61210380265735
2026-09-02,2327.TW,50,-3.2036765480106277,4.858527746207039,-4.929577464788737,8.062204294217667,False,14.965807961330105
2026-09-02,2327.TW,80_sigma20,-6.252055991854752,9.624762405123795,-4.929577464788737,15.876818396978546,True,15.876818396978546
2026-09-02,2327.TW,80_sigma5,-8.898395211280077,10.0,-4.929577464788737,18.898395211280075,True,18.898395211280075
2026-09-03,2327.TW,50,-3.2935575036257427,4.82020936290919,-5.37037037037037,8.113766866534933,False,16.421018333513445
2026-09-03,2327.TW,80_sigma20,-6.346658463224211,9.577059502347746,-5.37037037037037,15.923717965571957,True,15.923717965571957
2026-09-03,2327.TW,80_sigma5,-9.631668210185367,10.0,-5.37037037037037,19.631668210185367,True,19.631668210185367
2026-09-04,2327.TW,50,-3.3462796414332217,4.80346014146374,9.980430528375738,8.149739782896962,False,28.857621330544955
2026-09-04,2327.TW,80_sigma20,-6.403222306786096,9.561220868645226,9.980430528375738,15.96444317543132,False,20.156539772736444
2026-09-04,2327.TW,80_sigma5,-9.675140739229548,10.0,9.980430528375738,19.675140739229548,True,19.675140739229548
2026-09-07,2327.TW,50,-3.366940818789435,4.8932553157834535,4.804270462633453,8.260196134572888,True,8.260196134572888
2026-09-07,2327.TW,80_sigma20,-6.428296369767552,9.68121890471018,4.804270462633453,16.109515274477733,True,16.109515274477733
2026-09-07,2327.TW,80_sigma5,-10.0,10.0,4.804270462633453,20.0,True,20.0
2026-09-08,2327.TW,50,-3.3395074493209647,4.908332217387371,-3.73514431239389,8.247839666708336,False,9.830387119000036
2026-09-08,2327.TW,80_sigma20,-6.413798695468383,9.726750260257202,-3.73514431239389,16.140548955725585,True,16.140548955725585
2026-09-08,2327.TW,80_sigma5,-8.791647574415041,10.0,-3.73514431239389,18.79164757441504,True,18.79164757441504
2026-09-09,2327.TW,50,-3.380473474554571,4.806935886435064,-0.3527336860670194,8.187409360989635,True,8.187409360989635
2026-09-09,2327.TW,80_sigma20,-6.4689459253699795,9.61092705024791,-0.3527336860670194,16.07987297561789,True,16.07987297561789
2026-09-09,2327.TW,80_sigma5,-9.51525822158122,10.0,-0.3527336860670194,19.51525822158122,True,19.51525822158122
2026-09-10,2327.TW,50,-3.411208318631066,4.747848438183678,1.2389380530973382,8.159056756814744,True,8.159056756814744
2026-09-10,2327.TW,80_sigma20,-6.521964115702406,9.564228100382582,1.2389380530973382,16.08619221608499,True,16.08619221608499
2026-09-10,2327.TW,80_sigma5,-8.758490097670318,10.0,1.2389380530973382,18.758490097670318,True,18.758490097670318
2026-08-31,2492.TW,50,-6.702381113584383,4.35547397475992,-5.901116427432218,11.057855088344303,True,11.057855088344303
2026-08-31,2492.TW,80_sigma20,-8.386005106738832,9.130557242206361,-5.901116427432218,17.516562348945193,True,17.516562348945193
2026-08-31,2492.TW,80_sigma5,-7.4116630208374845,7.643283185943275,-5.901116427432218,15.054946206780759,True,15.054946206780759
2026-09-01,2492.TW,50,-6.869448200464827,4.330715433359725,2.542372881355925,11.200163633824552,True,11.200163633824552
2026-09-01,2492.TW,80_sigma20,-8.561194042113229,9.131589988615914,2.542372881355925,17.692784030729143,True,17.692784030729143
2026-09-01,2492.TW,80_sigma5,-10.0,10.0,2.542372881355925,20.0,True,20.0
2026-09-02,2492.TW,50,-6.948216628644379,4.270697307202728,-3.1404958677686,11.218913935847107,True,11.218913935847107
2026-09-02,2492.TW,80_sigma20,-8.667696407019282,9.107543876349116,-3.1404958677686,17.775240283368397,True,17.775240283368397
2026-09-02,2492.TW,80_sigma5,-10.0,10.0,-3.1404958677686,20.0,True,20.0
2026-09-03,2492.TW,50,-7.11197023787523,4.258982948446519,-7.337883959044367,11.37095318632175,False,12.274608070998298
2026-09-03,2492.TW,80_sigma20,-8.844107751675905,9.121751909085573,-7.337883959044367,17.965859660761478,True,17.965859660761478
2026-09-03,2492.TW,80_sigma5,-10.0,10.0,-7.337883959044367,20.0,True,20.0
2026-09-04,2492.TW,50,-7.243578912407866,4.338259460122099,9.944751381215466,11.581838372529965,False,34.00780605690343
2026-09-04,2492.TW,80_sigma20,-9.012523790208027,9.239614625779316,9.944751381215466,18.252138415987343,False,25.303505970348848
2026-09-04,2492.TW,80_sigma5,-10.0,10.0,9.944751381215466,20.0,True,20.0
2026-09-07,2492.TW,50,-7.336541104428132,4.48444573890384,8.20770519262981,11.820986843331973,False,26.71402465823585
2026-09-07,2492.TW,80_sigma20,-9.178553875618348,9.45415907733954,8.20770519262981,18.63271295295789,True,18.63271295295789
2026-09-07,2492.TW,80_sigma5,-10.0,10.0,8.20770519262981,20.0,True,20.0
2026-09-08,2492.TW,50,-7.395174905609256,4.514153882812625,-1.393188854489169,11.909328788421881,True,11.909328788421881
2026-09-08,2492.TW,80_sigma20,-9.277829568606593,9.533842485171535,-1.393188854489169,18.81167205377813,True,18.81167205377813
2026-09-08,2492.TW,80_sigma5,-10.0,10.0,-1.393188854489169,20.0,True,20.0
2026-09-09,2492.TW,50,-7.46230870082649,4.373189981725538,0.3139717425431731,11.835498682552029,True,11.835498682552029
2026-09-09,2492.TW,80_sigma20,-9.321375791716944,9.386120264220606,0.3139717425431731,18.70749605593755,True,18.70749605593755
2026-09-09,2492.TW,80_sigma5,-10.0,10.0,0.3139717425431731,20.0,True,20.0
2026-09-10,2492.TW,50,-7.554358087041937,4.300871453741156,4.538341158059467,11.855229540783093,False,12.805108358056337
2026-09-10,2492.TW,80_sigma20,-9.412250504332926,9.323694214660074,4.538341158059467,18.735944718993,True,18.735944718993
2026-09-10,2492.TW,80_sigma5,-10.0,10.0,4.538341158059467,20.0,True,20.0
2026-08-31,3026.TW,50,-4.678775387237511,6.940411167571984,0.0,11.619186554809495,True,11.619186554809495
2026-08-31,3026.TW,80_sigma20,-7.127369691411513,9.201609422246474,0.0,16.328979113657986,True,16.328979113657986
2026-08-31,3026.TW,80_sigma5,-7.485586993177034,9.467099578448089,0.0,16.952686571625122,True,16.952686571625122
2026-09-01,3026.TW,50,-4.710247443145368,6.94196550649986,-1.482479784366575,11.652212949645229,True,11.652212949645229
2026-09-01,3026.TW,80_sigma20,-7.181188852791582,9.19726303339461,-1.482479784366575,16.37845188618619,True,16.37845188618619
2026-09-01,3026.TW,80_sigma5,-7.59566784673535,9.52889171637649,-1.482479784366575,17.12455956311184,True,17.12455956311184
2026-09-02,3026.TW,50,-4.725437397262784,6.893569940826627,-6.155950752393979,11.61900733808941,False,17.34106075861419
2026-09-02,3026.TW,80_sigma20,-7.215626807721831,9.126444907697417,-6.155950752393979,16.342071715419248,True,16.342071715419248
2026-09-02,3026.TW,80_sigma5,-7.506515474370515,9.310504112472398,-6.155950752393979,16.81701958684291,True,16.81701958684291
2026-09-03,3026.TW,50,-4.796701495719106,6.870927398276479,-6.99708454810496,11.667628893995586,False,20.469161103539
2026-09-03,3026.TW,80_sigma20,-7.2944828764828795,9.088411022845184,-6.99708454810496,16.382893899328064,True,16.382893899328064
2026-09-03,3026.TW,80_sigma5,-8.87712543456797,10.0,-6.99708454810496,18.877125434567972,True,18.877125434567972
2026-09-04,3026.TW,50,-4.911299337119944,6.920213330955393,9.874608150470207,11.831512668075337,False,23.649091946134593
2026-09-04,3026.TW,80_sigma20,-7.38657001965756,9.13950781338925,9.874608150470207,16.52607783304681,False,23.877081203856388
2026-09-04,3026.TW,80_sigma5,-8.396087215616127,10.0,9.874608150470207,18.396087215616127,True,18.396087215616127
2026-09-07,3026.TW,50,-4.931820210082602,6.921197708709311,9.985734664764625,11.853017918791913,False,24.111165743013167
2026-09-07,3026.TW,80_sigma20,-7.412773257215576,9.156657343824463,9.985734664764625,16.56943060104004,False,24.860203810441654
2026-09-07,3026.TW,80_sigma5,-8.585808513764599,10.0,9.985734664764625,18.585808513764597,True,18.585808513764597
2026-09-08,3026.TW,50,-4.971147315429162,6.957244889663171,-3.11284046692607,11.928392205092333,True,11.928392205092333
2026-09-08,3026.TW,80_sigma20,-7.468185003250488,9.20235782429541,-3.11284046692607,16.670542827545898,True,16.670542827545898
2026-09-08,3026.TW,80_sigma5,-10.0,10.0,-3.11284046692607,20.0,True,20.0
2026-09-09,3026.TW,50,-4.940026641331256,6.858214259586871,1.4725568942436371,11.798240900918127,True,11.798240900918127
2026-09-09,3026.TW,80_sigma20,-7.456787876340993,9.094846061918386,1.4725568942436371,16.55163393825938,True,16.55163393825938
2026-09-09,3026.TW,80_sigma5,-10.0,10.0,1.4725568942436371,20.0,True,20.0
2026-09-10,3026.TW,50,-4.942093804499947,6.784918740413033,5.936675461741414,11.72701254491298,True,11.72701254491298
2026-09-10,3026.TW,80_sigma20,-7.482168999400486,8.99848016807114,5.936675461741414,16.480649167471626,True,16.480649167471626
2026-09-10,3026.TW,80_sigma5,-10.0,10.0,5.936675461741414,20.0,True,20.0
2026-08-31,2472.TW,50,-1.9580743749062703,5.161945744268148,-3.655913978494618,7.120020119174418,False,13.91137853352781
2026-08-31,2472.TW,80_sigma20,-4.947272087736759,10.0,-3.655913978494618,14.94727208773676,True,14.94727208773676
2026-08-31,2472.TW,80_sigma5,-3.307879780487901,8.207135995369804,-3.655913978494618,11.515015775857705,False,14.995357755924875
2026-09-01,2472.TW,50,-1.9791806125925095,5.132532157926372,0.0,7.111712770518881,True,7.111712770518881
2026-09-01,2472.TW,80_sigma20,-4.962874443185409,10.0,0.0,14.96287444318541,True,14.96287444318541
2026-09-01,2472.TW,80_sigma5,-5.751455202279694,10.0,0.0,15.751455202279693,True,15.751455202279693
2026-09-02,2472.TW,50,-1.9911240727441726,5.11184696264438,-3.125,7.102971035388553,False,11.638474744411862
2026-09-02,2472.TW,80_sigma20,-4.963113272776042,10.0,-3.125,14.963113272776042,True,14.963113272776042
2026-09-02,2472.TW,80_sigma5,-5.725862695352208,10.0,-3.125,15.725862695352209,True,15.725862695352209
2026-09-03,2472.TW,50,-2.014970218309887,5.099092637667187,-4.608294930875578,7.114062855977075,False,17.487361706239838
2026-09-03,2472.TW,80_sigma20,-4.987517243647322,10.0,-4.608294930875578,14.987517243647321,True,14.987517243647321
2026-09-03,2472.TW,80_sigma5,-6.72439483874007,10.0,-4.608294930875578,16.724394838740068,True,16.724394838740068
2026-09-04,2472.TW,50,-2.02254771080349,5.12140344467495,8.695652173913038,7.14395115547844,False,21.44094607243079
2026-09-04,2472.TW,80_sigma20,-4.99878966177524,10.0,8.695652173913038,14.998789661775241,True,14.998789661775241
2026-09-04,2472.TW,80_sigma5,-4.311182873427339,9.36306518011112,8.695652173913038,13.67424805353846,True,13.67424805353846
2026-09-07,2472.TW,50,-2.0850812861653205,5.187397784921729,0.4444444444444473,7.27247907108705,True,7.27247907108705
2026-09-07,2472.TW,80_sigma20,-5.096415932661508,10.0,0.4444444444444473,15.096415932661507,True,15.096415932661507
2026-09-07,2472.TW,80_sigma5,-9.0871505138432,10.0,0.4444444444444473,19.0871505138432,True,19.0871505138432
2026-09-08,2472.TW,50,-2.068966222428625,5.160498214387243,-4.6460176991150455,7.229464436815867,False,17.53767034356155
2026-09-08,2472.TW,80_sigma20,-5.064700060825649,10.0,-4.6460176991150455,15.064700060825649,True,15.064700060825649
2026-09-08,2472.TW,80_sigma5,-8.993840744667038,10.0,-4.6460176991150455,18.99384074466704,True,18.99384074466704
2026-09-09,2472.TW,50,-2.098157114568466,5.1500441499383385,-0.2320185614849146,7.248201264506804,True,7.248201264506804
2026-09-09,2472.TW,80_sigma20,-5.106387814120744,10.0,-0.2320185614849146,15.106387814120744,True,15.106387814120744
2026-09-09,2472.TW,80_sigma5,-9.64538997032287,10.0,-0.2320185614849146,19.64538997032287,True,19.64538997032287
2026-09-10,2472.TW,50,-2.094488009837492,5.130969151881559,0.930232558139532,7.225457161719051,True,7.225457161719051
2026-09-10,2472.TW,80_sigma20,-5.087937254407402,10.0,0.930232558139532,15.087937254407402,True,15.087937254407402
2026-09-10,2472.TW,80_sigma5,-9.445952242901392,10.0,0.930232558139532,19.44595224290139,True,19.44595224290139
2026-08-31,3357.TWO,50,-3.1196319683704727,2.6457821949634903,-3.363228699551568,5.765414163333963,False,6.7398010880583445
2026-08-31,3357.TWO,80_sigma20,-5.282880701504487,5.344906248532075,-3.363228699551568,10.627786950036562,True,10.627786950036562
2026-08-31,3357.TWO,80_sigma5,-3.1011952847743864,2.866674817674068,-3.363228699551568,5.967870102448455,False,8.588204250220272
2026-09-01,3357.TWO,50,-3.149073610593165,2.6141982176793466,0.0,5.7632718282725115,True,5.7632718282725115
2026-09-01,3357.TWO,80_sigma20,-5.309390325754255,5.311727304666609,0.0,10.621117630420864,True,10.621117630420864
2026-09-01,3357.TWO,80_sigma5,-4.557710899186871,4.380958063579478,0.0,8.93866896276635,True,8.93866896276635
2026-09-02,3357.TWO,50,-3.1583413795566067,2.608149977121304,-3.0162412993039456,5.766491356677911,True,5.766491356677911
2026-09-02,3357.TWO,80_sigma20,-5.320053400032786,5.303141416542796,-3.0162412993039456,10.623194816575582,True,10.623194816575582
2026-09-02,3357.TWO,80_sigma5,-4.546262200296314,4.348449029824417,-3.0162412993039456,8.89471123012073,True,8.89471123012073
2026-09-03,3357.TWO,50,-3.196558594763435,2.568654656469978,-2.8708133971291905,5.765213251233413,True,5.765213251233413
2026-09-03,3357.TWO,80_sigma20,-5.357640833000903,5.266767114739184,-2.8708133971291905,10.624407947740087,True,10.624407947740087
2026-09-03,3357.TWO,80_sigma5,-5.25662360816089,5.03878919677636,-2.8708133971291905,10.29541280493725,True,10.29541280493725
2026-09-04,3357.TWO,50,-3.191387167925045,2.5831260595266077,5.418719211822665,5.774513227451653,False,17.11688583663588
2026-09-04,3357.TWO,80_sigma20,-5.3584534749368204,5.28369351476226,5.418719211822665,10.64214698969908,False,11.992403960303127
2026-09-04,3357.TWO,80_sigma5,-4.356362401928774,4.077992253387492,5.418719211822665,8.434354655316266,False,21.841624239667986
2026-09-07,3357.TWO,50,-3.15678649340862,2.6250327149509785,-0.2336448598130869,5.7818192083595985,True,5.7818192083595985
2026-09-07,3357.TWO,80_sigma20,-5.349385254348898,5.340449326004172,-0.2336448598130869,10.68983458035307,True,10.68983458035307
2026-09-07,3357.TWO,80_sigma5,-5.824785345012538,5.7322092710166626,-0.2336448598130869,11.5569946160292,True,11.5569946160292
2026-09-08,3357.TWO,50,-3.123885407773327,2.6523609307683222,-3.278688524590168,5.776246338541649,False,6.395458805809013
2026-09-08,3357.TWO,80_sigma20,-5.307153554036471,5.345506520345065,-3.278688524590168,10.652660074381537,True,10.652660074381537
2026-09-08,3357.TWO,80_sigma5,-5.49651212725538,5.431446064080249,-3.278688524590168,10.927958191335629,True,10.927958191335629
2026-09-09,3357.TWO,50,-3.1461955969812587,2.6123437350275234,0.7263922518159882,5.758539332008782,True,5.758539332008782
2026-09-09,3357.TWO,80_sigma20,-5.330959520724233,5.314119539645131,0.7263922518159882,10.645079060369364,True,10.645079060369364
2026-09-09,3357.TWO,80_sigma5,-5.875156945234803,5.782198601649386,0.7263922518159882,11.657355546884189,True,11.657355546884189
2026-09-10,3357.TWO,50,-3.126439908322697,2.5985008271306804,-0.480769230769229,5.7249407354533774,True,5.7249407354533774
2026-09-10,3357.TWO,80_sigma20,-5.292338422223167,5.272805264874534,-0.480769230769229,10.5651436870977,True,10.5651436870977
2026-09-10,3357.TWO,80_sigma5,-5.743409289204727,5.6458063862033345,-0.480769230769229,11.38921567540806,True,11.38921567540806
2026-08-31,5425.TWO,50,-2.7910282511248896,2.5826098818316767,-1.557632349392346,5.373638132956566,True,5.373638132956566
2026-08-31,5425.TWO,80_sigma20,-5.784545449285078,5.775688199071455,-1.557632349392346,11.560233648356533,True,11.560233648356533
2026-08-31,5425.TWO,80_sigma5,-7.977429437726137,8.140284046548516,-1.557632349392346,16.117713484274653,True,16.117713484274653
2026-09-01,5425.TWO,50,-2.7787331806655784,2.4750088917251487,0.4219344763797039,5.253742072390727,True,5.253742072390727
2026-09-01,5425.TWO,80_sigma20,-5.625905054962935,5.471598166382613,0.4219344763797039,11.097503221345548,True,11.097503221345548
2026-09-01,5425.TWO,80_sigma5,-8.685608155289408,8.775879291262715,0.4219344763797039,17.461487446552123,True,17.461487446552123
2026-09-02,5425.TWO,50,-2.8340911453035913,2.372735220697268,-2.836131339069381,5.206826366000859,False,5.214987141064018
2026-09-02,5425.TWO,80_sigma20,-5.688030845709779,5.311596519537904,-2.836131339069381,10.999627365247683,True,10.999627365247683
2026-09-02,5425.TWO,80_sigma5,-8.839977484146914,8.683290085860056,-2.836131339069381,17.523267570006972,True,17.523267570006972
2026-09-03,5425.TWO,50,-2.8399048255097252,2.328935067475973,-1.4054087046030397,5.168839892985698,True,5.168839892985698
2026-09-03,5425.TWO,80_sigma20,-5.7100277187166375,5.251092934781091,-1.4054087046030397,10.961120653497728,True,10.961120653497728
2026-09-03,5425.TWO,80_sigma5,-3.22937822529581,2.58624747221453,-1.4054087046030397,5.81562569751034,True,5.81562569751034
2026-09-04,5425.TWO,50,-2.835124174580132,2.316566864475762,1.8640401694328013,5.151691039055894,True,5.151691039055894
2026-09-04,5425.TWO,80_sigma20,-5.687841104176203,5.21912925114886,1.8640401694328013,10.906970355325063,True,10.906970355325063
2026-09-04,5425.TWO,80_sigma5,-3.1998619334089566,2.5440510869758564,1.8640401694328013,5.743913020384813,True,5.743913020384813
2026-09-07,5425.TWO,50,-2.7615250995793796,2.323799913231418,-0.5382131235603049,5.085325012810798,True,5.085325012810798
2026-09-07,5425.TWO,80_sigma20,-5.539094460561852,5.199536336019616,-0.5382131235603049,10.738630796581468,True,10.738630796581468
2026-09-07,5425.TWO,80_sigma5,-3.5712569410607893,3.0637375217466585,-0.5382131235603049,6.634994462807448,True,6.634994462807448
2026-09-08,5425.TWO,50,-2.6896054612906806,2.339553342989289,-3.030306283029227,5.0291588042799695,False,6.391962091234156
2026-09-08,5425.TWO,80_sigma20,-5.422260257249693,5.212205382829527,-3.030306283029227,10.63446564007922,True,10.63446564007922
2026-09-08,5425.TWO,80_sigma5,-3.385891891665168,2.9861489300075332,-3.030306283029227,6.372040821672702,True,6.372040821672702
2026-09-09,5425.TWO,50,-2.710290419582653,2.2533981676142694,0.446430282021093,4.9636885871969225,True,4.9636885871969225
2026-09-09,5425.TWO,80_sigma20,-5.438737108636749,5.086965277124298,0.446430282021093,10.525702385761047,True,10.525702385761047
2026-09-09,5425.TWO,80_sigma5,-3.7041308652620084,3.193346487412684,0.446430282021093,6.897477352674692,True,6.897477352674692
2026-09-10,5425.TWO,50,-2.6451883437402826,2.2156688096292596,-0.777774386935759,4.860857153369542,True,4.860857153369542
2026-09-10,5425.TWO,80_sigma20,-5.313353880443298,5.011006220378601,-0.777774386935759,10.324360100821899,True,10.324360100821899
2026-09-10,5425.TWO,80_sigma5,-3.3860669877850995,2.9058889549331677,-0.777774386935759,6.291955942718268,True,6.291955942718268
2026-08-31,2481.TW,50,-3.147715343902972,4.1218431133731865,-1.9480519480519431,7.269558457276158,True,7.269558457276158
2026-08-31,2481.TW,80_sigma20,-7.072617122037968,8.546848842008671,-1.9480519480519431,15.61946596404664,True,15.61946596404664
2026-08-31,2481.TW,80_sigma5,-8.086262697557075,9.718147250471707,-1.9480519480519431,17.804409948028784,True,17.804409948028784
2026-09-01,2481.TW,50,-3.286539520204211,4.167240346849109,3.973509933774833,7.453779867053321,True,7.453779867053321
2026-09-01,2481.TW,80_sigma20,-7.167630207935459,8.519018662372714,3.973509933774833,15.686648870308172,True,15.686648870308172
2026-09-01,2481.TW,80_sigma5,-10.0,10.0,3.973509933774833,20.0,True,20.0
2026-09-02,2481.TW,50,-3.384516901169045,4.16602034011863,-5.73248407643312,7.550537241287675,False,16.942405942343974
2026-09-02,2481.TW,80_sigma20,-7.313481450527381,8.562094808071326,-5.73248407643312,15.875576258598706,True,15.875576258598706
2026-09-02,2481.TW,80_sigma5,-10.0,10.0,-5.73248407643312,20.0,True,20.0
2026-09-03,2481.TW,50,-3.433286074371001,4.156063679427764,5.405405405405395,7.589349753798766,False,12.586716657709287
2026-09-03,2481.TW,80_sigma20,-7.464594343021456,8.599119642093722,5.405405405405395,16.06371398511518,True,16.06371398511518
2026-09-03,2481.TW,80_sigma5,-8.564201147495993,9.86932934825391,5.405405405405395,18.433530495749903,True,18.433530495749903
2026-09-04,2481.TW,50,-3.4960423609005566,4.1831029554592725,0.0,7.679145316359829,True,7.679145316359829
2026-09-04,2481.TW,80_sigma20,-7.57766921040024,8.672288007702486,0.0,16.249957218102725,True,16.249957218102725
2026-09-04,2481.TW,80_sigma5,-9.143039432823564,10.0,0.0,19.143039432823564,True,19.143039432823564
2026-09-07,2481.TW,50,-3.5809552001662617,4.257325820893801,1.2820512820512775,7.838281021060062,True,7.838281021060062
2026-09-07,2481.TW,80_sigma20,-7.67200472878968,8.744116812224739,1.2820512820512775,16.41612154101442,True,16.41612154101442
2026-09-07,2481.TW,80_sigma5,-8.737620815046759,9.971129190550233,1.2820512820512775,18.70875000559699,True,18.70875000559699
2026-09-08,2481.TW,50,-3.65419892367743,4.328090944856629,-3.4810126582278444,7.982289868534059,True,7.982289868534059
2026-09-08,2481.TW,80_sigma20,-7.775399111126399,8.833336733196711,-3.4810126582278444,16.60873584432311,True,16.60873584432311
2026-09-08,2481.TW,80_sigma5,-8.58819347191922,9.763330127347551,-3.4810126582278444,18.35152359926677,True,18.35152359926677
2026-09-09,2481.TW,50,-3.7203550717859146,4.354504623177516,-0.3278688524590123,8.07485969496343,True,8.07485969496343
2026-09-09,2481.TW,80_sigma20,-7.889792946443675,8.859010246858714,-0.3278688524590123,16.74880319330239,True,16.74880319330239
2026-09-09,2481.TW,80_sigma5,-8.545460599287235,9.603971995550125,-0.3278688524590123,18.14943259483736,True,18.14943259483736
2026-09-10,2481.TW,50,-3.750339418614781,4.405030161107456,1.6447368421052655,8.155369579722237,True,8.155369579722237
2026-09-10,2481.TW,80_sigma20,-7.935273416948526,8.89613271565458,1.6447368421052655,16.831406132603107,True,16.831406132603107
2026-09-10,2481.TW,80_sigma5,-6.48248496380124,7.209811443026423,1.6447368421052655,13.692296406827662,True,13.692296406827662
2026-08-31,3675.TWO,50,-4.029075763030629,3.5352053854900403,-1.8018018018018056,7.564281148520669,True,7.564281148520669
2026-08-31,3675.TWO,80_sigma20,-7.616914850280629,7.584593397186147,-1.8018018018018056,15.201508247466776,True,15.201508247466776
2026-08-31,3675.TWO,80_sigma5,-4.701509418994052,4.667288081713062,-1.8018018018018056,9.368797500707114,True,9.368797500707114
2026-09-01,3675.TWO,50,-3.864537346992123,3.3590668326946376,2.201834862385321,7.2236041796867605,True,7.2236041796867605
2026-09-01,3675.TWO,80_sigma20,-7.2995201095626046,7.2592273696944405,2.201834862385321,14.558747479257045,True,14.558747479257045
2026-09-01,3675.TWO,80_sigma5,-5.494110554165243,5.455435382765347,2.201834862385321,10.94954593693059,True,10.94954593693059
2026-09-02,3675.TWO,50,-3.798412476454543,3.2942682847125995,-1.6157989228007152,7.092680761167142,True,7.092680761167142
2026-09-02,3675.TWO,80_sigma20,-7.164337784067886,7.126714855448501,-1.6157989228007152,14.291052639516387,True,14.291052639516387
2026-09-02,3675.TWO,80_sigma5,-5.783967198106032,5.749350381922805,-1.6157989228007152,11.533317580028836,True,11.533317580028836
2026-09-03,3675.TWO,50,-3.727711863646917,3.204658813605718,1.094890510948909,6.932370677252635,True,6.932370677252635
2026-09-03,3675.TWO,80_sigma20,-7.029170645369772,6.973254336013083,1.094890510948909,14.002424981382855,True,14.002424981382855
2026-09-03,3675.TWO,80_sigma5,-3.223569688556738,3.1858367315201823,1.094890510948909,6.4094064200769205,True,6.4094064200769205
2026-09-04,3675.TWO,50,-3.727383865447205,3.21623433980481,1.805054151624552,6.943618205252015,True,6.943618205252015
2026-09-04,3675.TWO,80_sigma20,-7.029677414347704,7.008623146464403,1.805054151624552,14.038300560812107,True,14.038300560812107
2026-09-04,3675.TWO,80_sigma5,-3.2985699682830694,3.29479665508007,1.805054151624552,6.593366623363139,True,6.593366623363139
2026-09-07,3675.TWO,50,-3.7173827522300926,3.246966683199331,0.0,6.9643494354294235,True,6.9643494354294235
2026-09-07,3675.TWO,80_sigma20,-7.026800146379237,7.0654969122788955,0.0,14.092297058658133,True,14.092297058658133
2026-09-07,3675.TWO,80_sigma5,-3.612300496203778,3.670977811156309,0.0,7.283278307360087,True,7.283278307360087
2026-09-08,3675.TWO,50,-3.6230764278719647,3.18423484652736,-2.8368794326241176,6.807311274399325,True,6.807311274399325
2026-09-08,3675.TWO,80_sigma20,-6.861843796272238,6.955517502326925,-2.8368794326241176,13.817361298599163,True,13.817361298599163
2026-09-08,3675.TWO,80_sigma5,-2.98532589713127,3.1054768079523347,-2.8368794326241176,6.090802705083605,True,6.090802705083605
2026-09-09,3675.TWO,50,-3.6344169624581575,3.1474389084115266,-0.9124087591240836,6.781855870869684,True,6.781855870869684
2026-09-09,3675.TWO,80_sigma20,-6.870789747260742,6.9057442951428225,-0.9124087591240836,13.776534042403565,True,13.776534042403565
2026-09-09,3675.TWO,80_sigma5,-3.7427270362456357,3.8019335566096033,-0.9124087591240836,7.544660592855239,True,7.544660592855239
2026-09-10,3675.TWO,50,-3.641287155875975,3.123043962249571,-0.920810313075504,6.764331118125546,True,6.764331118125546
2026-09-10,3675.TWO,80_sigma20,-6.875146093523706,6.86243123070022,-0.920810313075504,13.737577324223926,True,13.737577324223926
2026-09-10,3675.TWO,80_sigma5,-3.563762432754423,3.583496317307163,-0.920810313075504,7.147258750061586,True,7.147258750061586
2026-08-31,8255.TWO,50,-1.9458873978371802,1.2698444834466163,-2.960526315789469,3.2157318812837965,False,7.274287553092952
2026-08-31,8255.TWO,80_sigma20,-3.2135049587636564,2.622671533241806,-2.960526315789469,5.836176492005462,True,5.836176492005462
2026-08-31,8255.TWO,80_sigma5,-1.967988159385566,1.3495588300189323,-2.960526315789469,3.317546989404498,False,13.242928553443528
2026-09-01,8255.TWO,50,-1.5543851026311475,1.7064676650777417,1.6949152542372836,3.260852767708889,True,3.260852767708889
2026-09-01,8255.TWO,80_sigma20,-2.926793520029028,3.1887907429294184,1.6949152542372836,6.115584262958446,True,6.115584262958446
2026-09-01,8255.TWO,80_sigma5,-3.578712126771569,3.859879168142818,1.6949152542372836,7.438591294914387,True,7.438591294914387
2026-09-02,8255.TWO,50,-1.6638429783225561,1.5243777655005957,-2.333333333333332,3.188220743823152,False,5.866182163866256
2026-09-02,8255.TWO,80_sigma20,-2.987345979151299,2.9423101400704885,-2.333333333333332,5.929656119221788,True,5.929656119221788
2026-09-02,8255.TWO,80_sigma5,-3.6643390547876926,3.6373503461079455,-2.333333333333332,7.301689400895638,True,7.301689400895638
2026-09-03,8255.TWO,50,-1.4324270369928565,1.6703016641061987,-1.0238907849829393,3.102728701099055,True,3.102728701099055
2026-09-03,8255.TWO,80_sigma20,-2.780401342833818,3.090544098342241,-1.0238907849829393,5.870945441176059,True,5.870945441176059
2026-09-03,8255.TWO,80_sigma5,-3.7265196015470785,4.082051451852258,-1.0238907849829393,7.808571053399336,True,7.808571053399336
2026-09-04,8255.TWO,50,-1.3667562987060666,1.6683411385269284,0.0,3.035097437232995,True,3.035097437232995
2026-09-04,8255.TWO,80_sigma20,-2.709930557172486,3.0492328585793462,0.0,5.759163415751832,True,5.759163415751832
2026-09-04,8255.TWO,80_sigma5,-3.7467977873223943,4.130882665725745,0.0,7.877680453048139,True,7.877680453048139
2026-09-07,8255.TWO,50,-1.1480102729564985,1.8045713495975813,-1.379310344827589,2.9525816225540797,False,3.8777819100384416
2026-09-07,8255.TWO,80_sigma20,-2.499185110405262,3.1664974940569954,-1.379310344827589,5.6656826044622575,True,5.6656826044622575
2026-09-07,8255.TWO,80_sigma5,-2.881497555467161,3.550674660183585,-1.379310344827589,6.432172215650747,True,6.432172215650747
2026-09-08,8255.TWO,50,-1.136066566693104,1.7732169139259226,-2.447552447552448,2.9092834806190266,False,8.155227004056403
2026-09-08,8255.TWO,80_sigma20,-2.4724963151544177,3.089940353545531,-2.447552447552448,5.562436668699949,True,5.562436668699949
2026-09-08,8255.TWO,80_sigma5,-2.2834860517323357,2.869496476098673,-2.447552447552448,5.152982527831009,False,6.793646486032132
2026-09-09,8255.TWO,50,-1.655247356021321,1.2866813197969558,-0.7168458781361964,2.9419286758182768,True,2.9419286758182768
2026-09-09,8255.TWO,80_sigma20,-2.897203954729116,2.4885721531238914,-0.7168458781361964,5.385776107853007,True,5.385776107853007
2026-09-09,8255.TWO,80_sigma5,-1.780372345180465,1.388062210600534,-0.7168458781361964,3.168434555780999,True,3.168434555780999
2026-09-10,8255.TWO,50,-1.4203989079794384,1.556011157353828,-1.0830324909747335,2.9764100653332664,True,2.9764100653332664
2026-09-10,8255.TWO,80_sigma20,-2.708710178617038,2.8359176962409394,-1.0830324909747335,5.544627874857977,True,5.544627874857977
2026-09-10,8255.TWO,80_sigma5,-1.6146347953182483,1.721724379884773,-1.0830324909747335,3.3363591752030213,True,3.3363591752030213
2026-08-31,8261.TW,50,-0.4232357949641171,4.425682655039114,-4.800000000000004,4.8489184500032305,False,22.35597527014678
2026-08-31,8261.TW,80_sigma20,-4.282026827981106,6.792287886788479,-4.800000000000004,11.074314714769585,False,16.254046434958568
2026-08-31,8261.TW,80_sigma5,-1.1606563322443177,4.8091885354404695,-4.800000000000004,5.969844867684787,False,42.36328154524165
2026-09-01,8261.TW,50,-0.15400855333654195,4.73362545759527,1.9607843137254832,4.887634010931812,True,4.887634010931812
2026-09-01,8261.TW,80_sigma20,-3.9855786774775894,7.086030862154713,1.9607843137254832,11.071609539632302,True,11.071609539632302
2026-09-01,8261.TW,80_sigma5,-2.8815617325768357,6.528353189734584,1.9607843137254832,9.409914922311419,True,9.409914922311419
2026-09-02,8261.TW,50,-0.27979333639407034,4.353808387520551,-2.7472527472527486,4.633601723914621,False,14.503439367349335
2026-09-02,8261.TW,80_sigma20,-3.8897682833205325,6.579573314143286,-2.7472527472527486,10.469341597463819,True,10.469341597463819
2026-09-02,8261.TW,80_sigma5,-3.149866780714481,6.266201433998338,-2.7472527472527486,9.41606821471282,True,9.41606821471282
2026-09-03,8261.TW,50,-0.0473585578498773,4.496527716785424,-2.259887005649719,4.543886274635302,False,13.394000065834668
2026-09-03,8261.TW,80_sigma20,-3.540444211226332,6.650307492476332,-2.259887005649719,10.190751703702665,True,10.190751703702665
2026-09-03,8261.TW,80_sigma5,-1.6912305450640757,5.568156955396035,-2.259887005649719,7.259387500460111,False,12.945952106316543
2026-09-04,8261.TW,50,0.14014175784374028,4.657591906668894,4.335260115606943,4.517450148825153,True,4.517450148825153
2026-09-04,8261.TW,80_sigma20,-3.306153829955229,6.767656620406279,4.335260115606943,10.073810450361508,True,10.073810450361508
2026-09-04,8261.TW,80_sigma5,-1.6005195077298424,5.7885178561611905,4.335260115606943,7.389037363891033,True,7.389037363891033
2026-09-07,8261.TW,50,0.1833016303175301,4.572798368633428,0.2770083102493048,4.3894967383158985,True,4.3894967383158985
2026-09-07,8261.TW,80_sigma20,-3.218632837506962,6.652759691449833,0.2770083102493048,9.871392528956795,True,9.871392528956795
2026-09-07,8261.TW,80_sigma5,-3.155317204063009,6.807003682545394,0.2770083102493048,9.962320886608403,True,9.962320886608403
2026-09-08,8261.TW,50,0.22361586597723626,4.496960658757261,-5.8011049723756924,4.2733447927800245,False,28.372228146191738
2026-09-08,8261.TW,80_sigma20,-3.094056032760594,6.523515604598973,-5.8011049723756924,9.617571637359568,False,36.68806103351055
2026-09-08,8261.TW,80_sigma5,-1.93414534612903,5.913330131409737,-5.8011049723756924,7.847475477538767,False,46.517071740005385
2026-09-09,8261.TW,50,0.22213398875679324,4.562011902909619,0.0,4.339877914152826,False,5.228413869179999
2026-09-09,8261.TW,80_sigma20,-3.050575275109626,6.549699325250007,0.0,9.600274600359633,True,9.600274600359633
2026-09-09,8261.TW,80_sigma5,-3.0130850887511635,6.724920971594226,0.0,9.73800606034539,True,9.73800606034539
2026-09-10,8261.TW,50,0.2415822690912659,4.492229645829541,-1.4662756598240456,4.250647376738275,False,11.082079092399521
2026-09-10,8261.TW,80_sigma20,-2.926239986108161,6.414153117822028,-1.4662756598240456,9.34039310393019,True,9.34039310393019
2026-09-10,8261.TW,80_sigma5,-2.7952234190599548,6.523485779793164,-1.4662756598240456,9.318709198853119,True,9.318709198853119
