ticker,target,method,n,days,accuracy,mae
2327.TW,close_to_close,price,60,60,0.48333333333333334,4.970497220983516
2327.TW,close_to_close,price_us,60,60,0.6833333333333333,4.483383275986304
2327.TW,close_to_close,price_us_peers,60,60,0.6833333333333333,4.483383275986304
2327.TW,close_to_close,sox_copy,60,60,0.65,4.379126496082766
2327.TW,close_to_close,us_only,60,60,0.6166666666666667,4.581222287616094
2327.TW,close_to_close,zero,60,60,0.05,4.7838535509327516
2327.TW,gap,price,60,60,0.5166666666666667,2.9235175153485575
2327.TW,gap,price_us,60,60,0.7166666666666667,2.103133422632939
2327.TW,gap,price_us_peers,60,60,0.7166666666666667,2.103133422632939
2327.TW,gap,sox_copy,60,60,0.7166666666666667,2.125571731149338
2327.TW,gap,us_only,60,60,0.7166666666666667,2.081468753694655
2327.TW,gap,zero,60,60,0.03333333333333333,2.8300240622324284
2327.TW,intraday,price,60,60,0.55,3.569458410290863
2327.TW,intraday,price_us,60,60,0.5166666666666667,3.6208385196271515
2327.TW,intraday,price_us_peers,60,60,0.5166666666666667,3.6208385196271515
2327.TW,intraday,sox_copy,60,60,0.5166666666666667,4.231657483323273
2327.TW,intraday,us_only,60,60,0.4166666666666667,3.656956403980977
2327.TW,intraday,zero,60,60,0.03333333333333333,3.5993586061984315
2472.TW,close_to_close,price,60,60,0.5166666666666667,4.250268697067688
2472.TW,close_to_close,price_us,60,60,0.6,3.9248964800732353
2472.TW,close_to_close,price_us_peers,60,60,0.6,3.9248964800732353
2472.TW,close_to_close,sox_copy,60,60,0.6166666666666667,4.072343666786695
2472.TW,close_to_close,us_only,60,60,0.5666666666666667,3.9192067662741175
2472.TW,close_to_close,zero,60,60,0.03333333333333333,4.042220027204652
2472.TW,gap,price,60,60,0.5,1.9262793195269972
2472.TW,gap,price_us,60,60,0.6666666666666666,1.7235153379738046
2472.TW,gap,price_us_peers,60,60,0.6666666666666666,1.7235153379738046
2472.TW,gap,sox_copy,60,60,0.6333333333333333,2.176182828899543
2472.TW,gap,us_only,60,60,0.6666666666666666,1.7571496350965934
2472.TW,gap,zero,60,60,0.05,1.8715688521442102
2472.TW,intraday,price,60,60,0.4,3.1513519719989405
2472.TW,intraday,price_us,60,60,0.45,3.274609405628285
2472.TW,intraday,price_us_peers,60,60,0.45,3.274609405628285
2472.TW,intraday,sox_copy,60,60,0.5,3.9450402330971164
2472.TW,intraday,us_only,60,60,0.4,3.184472543394386
2472.TW,intraday,zero,60,60,0.016666666666666666,3.101000005519338
2481.TW,close_to_close,price,60,60,0.5166666666666667,4.454643046203454
2481.TW,close_to_close,price_us,60,60,0.6166666666666667,4.184558481378273
2481.TW,close_to_close,price_us_peers,60,60,0.6,4.192269883374676
2481.TW,close_to_close,sox_copy,60,60,0.6,4.097597580416574
2481.TW,close_to_close,us_only,60,60,0.6166666666666667,4.214104440174354
2481.TW,close_to_close,zero,60,60,0.03333333333333333,4.536678293193935
2481.TW,gap,price,60,60,0.4666666666666667,2.667689583357067
2481.TW,gap,price_us,60,60,0.6666666666666666,1.9514408346309235
2481.TW,gap,price_us_peers,60,60,0.6833333333333333,1.9780222527971945
2481.TW,gap,sox_copy,60,60,0.65,2.1682471582850953
2481.TW,gap,us_only,60,60,0.6833333333333333,1.8570894786140806
2481.TW,gap,zero,60,60,0.08333333333333333,2.438540631277596
2481.TW,intraday,price,60,60,0.5166666666666667,3.519782348980051
2481.TW,intraday,price_us,60,60,0.43333333333333335,3.535301249675091
2481.TW,intraday,price_us_peers,60,60,0.43333333333333335,3.551564063100975
2481.TW,intraday,sox_copy,60,60,0.5,4.468918991859478
2481.TW,intraday,us_only,60,60,0.48333333333333334,3.6465462871123533
2481.TW,intraday,zero,60,60,0.1,3.5891127286174176
2492.TW,close_to_close,price,60,60,0.5166666666666667,5.589504601160312
2492.TW,close_to_close,price_us,60,60,0.5833333333333334,5.124681587488739
2492.TW,close_to_close,price_us_peers,60,60,0.5833333333333334,5.124681587488739
2492.TW,close_to_close,sox_copy,60,60,0.6,4.913716703254406
2492.TW,close_to_close,us_only,60,60,0.5833333333333334,5.198307243150678
2492.TW,close_to_close,zero,60,60,0.05,5.40171044260097
2492.TW,gap,price,60,60,0.48333333333333334,3.101122084675772
2492.TW,gap,price_us,60,60,0.7,2.334426494378494
2492.TW,gap,price_us_peers,60,60,0.7,2.334426494378494
2492.TW,gap,sox_copy,60,60,0.7166666666666667,2.426274140350571
2492.TW,gap,us_only,60,60,0.7,2.2569527135134817
2492.TW,gap,zero,60,60,0.05,3.016810294051284
2492.TW,intraday,price,60,60,0.5833333333333334,4.069323023274717
2492.TW,intraday,price_us,60,60,0.5333333333333333,4.120764097029242
2492.TW,intraday,price_us_peers,60,60,0.5333333333333333,4.120764097029242
2492.TW,intraday,sox_copy,60,60,0.5833333333333334,4.526033885225334
2492.TW,intraday,us_only,60,60,0.3,4.134249411579431
2492.TW,intraday,zero,60,60,0.06666666666666667,4.020648918384796
3026.TW,close_to_close,price,60,60,0.45,6.485467859885647
3026.TW,close_to_close,price_us,60,60,0.5333333333333333,5.97467658364401
3026.TW,close_to_close,price_us_peers,60,60,0.5333333333333333,5.97467658364401
3026.TW,close_to_close,sox_copy,60,60,0.5666666666666667,6.085153857204422
3026.TW,close_to_close,us_only,60,60,0.65,5.795569009748162
3026.TW,close_to_close,zero,60,60,0.05,6.125775293185965
3026.TW,gap,price,60,60,0.4666666666666667,3.4380205920748392
3026.TW,gap,price_us,60,60,0.6,2.8286879509521534
3026.TW,gap,price_us_peers,60,60,0.6,2.8286879509521534
3026.TW,gap,sox_copy,60,60,0.65,2.917960952436503
3026.TW,gap,us_only,60,60,0.6666666666666666,2.519709185497367
3026.TW,gap,zero,60,60,0.11666666666666667,3.072516670643805
3026.TW,intraday,price,60,60,0.4166666666666667,4.521814106797645
3026.TW,intraday,price_us,60,60,0.3333333333333333,4.5818315386209045
3026.TW,intraday,price_us_peers,60,60,0.3333333333333333,4.5818315386209045
3026.TW,intraday,sox_copy,60,60,0.5,5.3137165133302
3026.TW,intraday,us_only,60,60,0.35,4.58042297363363
3026.TW,intraday,zero,60,60,0.11666666666666667,4.307054274229182
3357.TWO,close_to_close,price,60,60,0.45,3.4198084097248698
3357.TWO,close_to_close,price_us,60,60,0.6166666666666667,3.272529115663113
3357.TWO,close_to_close,price_us_peers,60,60,0.6166666666666667,3.272529115663113
3357.TWO,close_to_close,sox_copy,60,60,0.5666666666666667,3.5412425215919368
3357.TWO,close_to_close,us_only,60,60,0.5,3.2897980280449968
3357.TWO,close_to_close,zero,60,60,0.1,3.3045450533567995
3357.TWO,gap,price,60,60,0.5,1.8286430404511103
3357.TWO,gap,price_us,60,60,0.6333333333333333,1.5542153453957188
3357.TWO,gap,price_us_peers,60,60,0.6333333333333333,1.5542153453957188
3357.TWO,gap,sox_copy,60,60,0.6666666666666666,2.1129475824670108
3357.TWO,gap,us_only,60,60,0.6166666666666667,1.602611590613201
3357.TWO,gap,zero,60,60,0.13333333333333333,1.8119525806099666
3357.TWO,intraday,price,60,60,0.5,2.9480902837130594
3357.TWO,intraday,price_us,60,60,0.4666666666666667,3.0348581675307327
3357.TWO,intraday,price_us_peers,60,60,0.4666666666666667,3.0348581675307327
3357.TWO,intraday,sox_copy,60,60,0.5166666666666667,4.035570131245936
3357.TWO,intraday,us_only,60,60,0.48333333333333334,2.9559264050009286
3357.TWO,intraday,zero,60,60,0.03333333333333333,2.93180167772875
3675.TWO,close_to_close,price,60,60,0.4166666666666667,4.411531889462645
3675.TWO,close_to_close,price_us,60,60,0.55,4.1966699437117665
3675.TWO,close_to_close,price_us_peers,60,60,0.5666666666666667,4.085036296860047
3675.TWO,close_to_close,sox_copy,60,60,0.5666666666666667,4.185671433731455
3675.TWO,close_to_close,us_only,60,60,0.6,4.120264128701031
3675.TWO,close_to_close,zero,60,60,0.05,4.445432179822123
3675.TWO,gap,price,60,60,0.5166666666666667,2.1294116902645714
3675.TWO,gap,price_us,60,60,0.6166666666666667,1.994335325945005
3675.TWO,gap,price_us_peers,60,60,0.6333333333333333,2.0412824046267697
3675.TWO,gap,sox_copy,60,60,0.6166666666666667,2.5463654112544485
3675.TWO,gap,us_only,60,60,0.6166666666666667,1.8871211698660035
3675.TWO,gap,zero,60,60,0.03333333333333333,2.017949081361061
3675.TWO,intraday,price,60,60,0.5,3.448837394476955
3675.TWO,intraday,price_us,60,60,0.5666666666666667,3.425940268617664
3675.TWO,intraday,price_us_peers,60,60,0.55,3.428357139769443
3675.TWO,intraday,sox_copy,60,60,0.5,4.226434346372171
3675.TWO,intraday,us_only,60,60,0.5833333333333334,3.405517861576972
3675.TWO,intraday,zero,60,60,0.08333333333333333,3.507400679871759
5425.TWO,close_to_close,price,60,60,0.4,4.067472309113116
5425.TWO,close_to_close,price_us,60,60,0.5666666666666667,3.8702921380911333
5425.TWO,close_to_close,price_us_peers,60,60,0.55,3.8696417170636623
5425.TWO,close_to_close,sox_copy,60,60,0.6333333333333333,3.9667045444192146
5425.TWO,close_to_close,us_only,60,60,0.6333333333333333,3.728826257061601
5425.TWO,close_to_close,zero,60,60,0.016666666666666666,3.8962810987138554
5425.TWO,gap,price,60,60,0.4666666666666667,2.3100027128208906
5425.TWO,gap,price_us,60,60,0.6166666666666667,1.8391664316855576
5425.TWO,gap,price_us_peers,60,60,0.6333333333333333,1.8637005695365927
5425.TWO,gap,sox_copy,60,60,0.6333333333333333,2.114635233180857
5425.TWO,gap,us_only,60,60,0.65,1.682008865924319
5425.TWO,gap,zero,60,60,0.1,1.9075195578097826
5425.TWO,intraday,price,60,60,0.4666666666666667,3.046906408089241
5425.TWO,intraday,price_us,60,60,0.5333333333333333,3.0209059468168196
5425.TWO,intraday,price_us_peers,60,60,0.5333333333333333,3.0372785401222546
5425.TWO,intraday,sox_copy,60,60,0.48333333333333334,4.146945935653806
5425.TWO,intraday,us_only,60,60,0.5333333333333333,3.051849853681595
5425.TWO,intraday,zero,60,60,0.05,3.0459738997252876
8255.TWO,close_to_close,price,60,60,0.4,2.6073807852558235
8255.TWO,close_to_close,price_us,60,60,0.5833333333333334,2.302411011483058
8255.TWO,close_to_close,price_us_peers,60,60,0.6,2.3045470060920707
8255.TWO,close_to_close,sox_copy,60,60,0.5333333333333333,2.8594097601656263
8255.TWO,close_to_close,us_only,60,60,0.6,2.3705562281686268
8255.TWO,close_to_close,zero,60,60,0.11666666666666667,2.5369945747921316
8255.TWO,gap,price,60,60,0.5666666666666667,1.4760390620596568
8255.TWO,gap,price_us,60,60,0.7,1.1879283613898741
8255.TWO,gap,price_us_peers,60,60,0.7,1.2349680887189132
8255.TWO,gap,sox_copy,60,60,0.6333333333333333,2.1506619293172338
8255.TWO,gap,us_only,60,60,0.6833333333333333,1.1277202787712135
8255.TWO,gap,zero,60,60,0.13333333333333333,1.4169239935500468
8255.TWO,intraday,price,60,60,0.6333333333333333,1.813902929583284
8255.TWO,intraday,price_us,60,60,0.5666666666666667,1.8572964216029384
8255.TWO,intraday,price_us_peers,60,60,0.55,1.8025593654434076
8255.TWO,intraday,sox_copy,60,60,0.4666666666666667,3.2675282985809617
8255.TWO,intraday,us_only,60,60,0.6333333333333333,1.9414152238848292
8255.TWO,intraday,zero,60,60,0.1,1.9796733153275874
8261.TW,close_to_close,price,60,60,0.43333333333333335,4.504482096048151
8261.TW,close_to_close,price_us,60,60,0.5333333333333333,4.320371487378706
8261.TW,close_to_close,price_us_peers,60,60,0.5,4.445613181094606
8261.TW,close_to_close,sox_copy,60,60,0.5166666666666667,4.714890478841519
8261.TW,close_to_close,us_only,60,60,0.5333333333333333,4.351653307892727
8261.TW,close_to_close,zero,60,60,0.08333333333333333,4.466425656717827
8261.TW,gap,price,60,60,0.5166666666666667,2.8675300826199637
8261.TW,gap,price_us,60,60,0.6833333333333333,2.353597437418484
8261.TW,gap,price_us_peers,60,60,0.6833333333333333,2.43852901472598
8261.TW,gap,sox_copy,60,60,0.65,2.5609106827362216
8261.TW,gap,us_only,60,60,0.7,2.1629218572977558
8261.TW,gap,zero,60,60,0.11666666666666667,2.5637897929058457
8261.TW,intraday,price,60,60,0.4,3.5414561489866263
8261.TW,intraday,price_us,60,60,0.38333333333333336,3.5180417237986052
8261.TW,intraday,price_us_peers,60,60,0.4166666666666667,3.506923922388155
8261.TW,intraday,sox_copy,60,60,0.4666666666666667,4.583364126557053
8261.TW,intraday,us_only,60,60,0.38333333333333336,3.5351707060498976
8261.TW,intraday,zero,60,60,0.15,3.40670096638482
