date,ret1,ret5,ret20,vol20,range_pct,volume_ratio,twii,fx_lag,peer1_lag,peer2_lag,Date,Close,High,Low,Open,Volume,MA5,MA20,MA60,RSI,MACD,MACD_signal,MACD_hist,BB_upper,BB_mid,BB_lower,Volume_MA20,Volume_ratio,ATR,pct_change,usdtwd_pct,twii_pct,murata_pct,tdk_pct,previous_date,gap,intraday,close_to_close,us_session,us_close_utc,us_close_taipei,us_available_taipei,cutoff_taipei,previous_tw_date,new_us_sessions,us_age_hours,repeated_session,alignment_status,sox_last,sox_since_tw,nasdaq_last,nasdaq_since_tw,sp500_last,sp500_since_tw,on_last,on_since_tw,vsh_last,vsh_since_tw,ticker,valid_open,onsemi_pct,vishay_pct,original_prediction,original_error
2026-09-04,-5.37037037037037,-7.927927927927925,-10.350877192982455,5.241014658942747,6.653620352250488,0.6948828524225166,-0.6651369315447186,-0.0410265349467753,-5.075445816186552,-6.333225073075677,2026-09-04,562.0,562.0,532.0,535.0,54800741,545.2,573.1,737.2416666666667,46.5601060425898,-29.37251224271085,-34.349906566523885,4.97739432381303,644.4889273442844,573.1,501.7110726557156,45161868.15,1.2134294537592107,39.34531513536049,9.980430528375738,-0.0970802227241995,1.5122200906831251,4.202289523257496,2.6478375992939007,2026-09-03,4.6966731898238745,5.046728971962611,9.980430528375738,2026-09-03,2026-09-03T20:00:00+00:00,2026-09-04T04:00:00+08:00,2026-09-04T05:00:00+08:00,2026-09-04T08:30:00+08:00,2026-09-03,1.0,4.5,False,ok,0.11358672586370133,0.11358672586370133,1.396875590614055,1.396875590614055,1.057963924661287,1.057963924661287,1.8109002686002684,1.8109002686002684,-0.5227089151055297,-0.5227089151055297,2327.TW,True,,,,
2026-09-07,9.980430528375738,-5.862646566164154,4.074074074074074,5.595413102057763,5.338078291814947,1.2134294537592107,1.5122200906831251,0.1616444133621719,-0.2745664739884357,-1.7857142857142905,2026-09-07,589.0,605.0,570.0,575.0,68404675,554.0,573.9,732.8083333333333,50.11449212857255,-24.5874649110591,-32.397418235430926,7.8099533243718255,645.6419351785062,573.9,502.1580648214937,46827997.85,1.4607644601657894,39.83260645064576,4.804270462633453,-0.2347342124136675,1.6651381893682204,5.965790571547758,2.510748065348234,2026-09-04,2.313167259786475,2.4347826086956514,4.804270462633453,2026-09-04,2026-09-04T20:00:00+00:00,2026-09-05T04:00:00+08:00,2026-09-05T05:00:00+08:00,2026-09-07T08:30:00+08:00,2026-09-04,1.0,52.5,False,ok,3.3749603534097172,3.3749603534097172,-0.28991174002219733,-0.28991174002219733,-0.37572216084515997,-0.37572216084515997,0.9911686522946717,0.9911686522946717,4.43349558683217,4.43349558683217,2327.TW,True,,,,
2026-09-08,4.804270462633453,8.073394495412845,2.7923211169284423,5.5318192089962475,5.942275042444821,1.4607644601657894,1.6651381893682204,-0.0970802227241995,4.202289523257496,2.6478375992939007,2026-09-08,567.0,584.0,565.0,580.0,37849975,553.8,571.4,726.5916666666667,47.3509186174295,-22.31328292858484,-30.38059117406171,8.06730824547687,640.2442941869866,571.4,502.5557058130133,44742906.55,0.8459435901354067,37.72159225722633,-3.73514431239389,-0.3671620448905233,-0.4658898396891597,-7.834645669291341,-6.894816305988927,2026-09-07,-1.5280135823429575,-2.2413793103448265,-3.73514431239389,2026-09-04,2026-09-04T20:00:00+00:00,2026-09-05T04:00:00+08:00,2026-09-05T05:00:00+08:00,2026-09-08T08:30:00+08:00,2026-09-07,0.0,76.5,True,ok,3.3749603534097172,0.0,-0.28991174002219733,0.0,-0.37572216084515997,0.0,0.9911686522946717,0.0,4.43349558683217,0.0,2327.TW,True,,,0.5599,4.29504431239389
2026-09-09,-3.73514431239389,-0.17605633802817433,-8.103727714748787,5.31287386683862,3.3509700176366843,0.8459435901354067,-0.4658898396891597,-0.2347342124136675,5.965790571547758,2.510748065348234,2026-09-09,565.0,585.0,563.0,574.0,26938860,558.8,569.55,720.175,47.09665178124343,-20.43677815110675,-28.39182856947072,7.955050418363967,636.9044434512725,569.55,502.1955565487274,43383872.1,0.6209418084652707,35.62537995626281,-0.3527336860670194,-0.0180897502252253,0.1646891802691508,1.495087569414788,1.3513513513513598,2026-09-08,1.2345679012345734,-1.5679442508710784,-0.3527336860670194,2026-09-08,2026-09-08T20:00:00+00:00,2026-09-09T04:00:00+08:00,2026-09-09T05:00:00+08:00,2026-09-09T08:30:00+08:00,2026-09-08,1.0,4.5,False,ok,1.3004428927046563,1.3004428927046563,-0.32285852663127557,-0.32285852663127557,-0.5840447432778451,-0.5840447432778451,-4.4366705353859555,-4.4366705353859555,-1.037735411977092,-1.037735411977092,2327.TW,True,,,0.6016,0.9543336860670194
2026-09-10,-0.3527336860670194,4.629629629629628,-6.146179401993357,5.289056790567145,3.893805309734513,0.6209418084652707,0.1646891802691508,-0.3671620448905233,-7.834645669291341,-6.894816305988927,2026-09-10,572.0,582.0,543.0,558.0,36614869,571.0,565.05,713.3083333333333,48.14618159624126,-18.1752797852638,-26.348518812629337,8.17323902736554,616.5597333673747,565.05,513.5402666326252,42977830.15,0.8519478268727814,36.07532929542777,1.2389380530973382,-0.1117492447464729,-0.5147388760934346,5.569584736251398,1.351111111111103,2026-09-09,-1.2389380530973493,2.508960573476693,1.2389380530973382,2026-09-09,2026-09-09T20:00:00+00:00,2026-09-10T04:00:00+08:00,2026-09-10T05:00:00+08:00,2026-09-10T08:30:00+08:00,2026-09-09,1.0,4.5,False,ok,0.3655002526455897,0.3655002526455897,-0.636114088937989,-0.636114088937989,-0.48426479836394254,-0.48426479836394254,-0.1406844000352958,-0.1406844000352958,0.6990822432745514,0.6990822432745514,2327.TW,True,,,,
2026-09-11,1.2389380530973382,11.937377690802343,-13.595166163141991,4.738724724388349,6.8181818181818175,0.8519478268727814,-0.5147388760934346,-0.0180897502252253,1.495087569414788,1.3513513513513598,2026-09-11,544.0,570.0,544.0,552.0,33780557,567.4,561.15,704.375,44.35560880717782,-18.429943119315453,-24.76480367396656,6.334860554651108,605.8679464738844,561.15,516.4320535261155,41134944.7,0.8212131375492039,34.998618722704066,-4.895104895104896,0.5434767453688316,-1.6097760087677493,-2.299003322259141,-1.47342571478688,2026-09-10,-3.4965034965035002,-1.449275362318836,-4.895104895104896,2026-09-10,2026-09-10T20:00:00+00:00,2026-09-11T04:00:00+08:00,2026-09-11T05:00:00+08:00,2026-09-11T08:30:00+08:00,2026-09-10,1.0,4.5,False,ok,-2.6581332352022535,-2.6581332352022535,-0.6537040302163954,-0.6537040302163954,-0.5848292742657635,-0.5848292742657635,-1.141173780895799,-1.141173780895799,-0.9496651966175107,-0.9496651966175107,2327.TW,True,,,,
2026-09-14,-4.895104895104896,-3.2028469750889688,-12.540192926045012,4.676194842976987,4.779411764705882,0.8212131375492039,-1.6097760087677493,-0.1117492447464729,5.569584736251398,1.351111111111103,2026-09-14,545.0,550.0,520.0,525.0,21440055,558.6,558.0,695.7083333333334,44.52359668355008,-18.339665752896394,-23.47977608975253,5.140110336856136,597.3793961622617,558.0,518.6206038377383,40449834.9,0.5300406059259343,34.33213622634352,0.1838235294117751,0.1302375138906075,-0.6979172181896032,-2.5163220892274185,0.2848495638241077,2026-09-11,-3.492647058823528,3.809523809523818,0.18382352941177516,2026-09-11,2026-09-11T20:00:00+00:00,2026-09-12T04:00:00+08:00,2026-09-12T05:00:00+08:00,2026-09-14T08:30:00+08:00,2026-09-11,1.0,52.5,False,ok,1.80667305142308,1.80667305142308,0.9635804410131898,0.9635804410131898,0.8598836028398171,0.8598836028398171,8.50791132462254,8.50791132462254,6.13613970203668,6.13613970203668,2327.TW,True,,,,
2026-09-15,0.18382352941177516,-7.47028862478778,-10.361842105263152,4.661661929188812,5.5045871559633035,0.5300406059259343,-0.6979172181896032,0.5434767453688316,-2.299003322259141,-1.47342571478688,2026-09-15,537.0,558.0,535.0,550.0,22512275,552.6,556.05,687.6583333333333,43.39491859704394,-18.69811322076873,-22.523443515955773,3.82533029518704,595.538705913665,556.05,516.5612940863349,39821147.55,0.5653346622352675,32.82118472949772,-1.4678899082568808,0.4665917444771184,-0.7653989654031412,3.23705874145388,0.6035860110065627,2026-09-14,0.917431192660545,-2.3636363636363678,-1.4678899082568808,2026-09-14,2026-09-14T20:00:00+00:00,2026-09-15T04:00:00+08:00,2026-09-15T05:00:00+08:00,2026-09-15T08:30:00+08:00,2026-09-14,1.0,4.5,False,ok,-5.858590380264717,-5.858590380264717,-0.5568248537587528,-0.5568248537587528,-0.48321923388043864,-0.48321923388043864,-5.897029025166978,-5.897029025166978,-7.256850086873101,-7.256850086873101,2327.TW,True,,,,
2026-09-04,-7.337883959044367,-4.736842105263161,5.84795321637428,6.016867875478664,9.576427255985267,0.6666333263162514,-0.6651369315447186,-0.0410265349467753,-5.075445816186552,-6.333225073075677,2026-09-04,298.5,298.5,282.5,282.5,26586494,292.1,287.625,367.1780654907226,51.06679635141854,-5.439498488216657,-10.414731863702524,4.975233375485868,319.5984676189333,287.625,255.65153238106672,32936724.85,0.8071990800870414,23.09591177536386,9.944751381215466,-0.0970802227241995,1.5122200906831251,4.202289523257496,2.6478375992939007,2026-09-03,4.051565377532218,5.663716814159292,9.944751381215466,2026-09-03,2026-09-03T20:00:00+00:00,2026-09-04T04:00:00+08:00,2026-09-04T05:00:00+08:00,2026-09-04T08:30:00+08:00,2026-09-03,1.0,4.5,False,ok,0.11358672586370133,0.11358672586370133,1.396875590614055,1.396875590614055,1.057963924661287,1.057963924661287,1.8109002686002684,1.8109002686002684,-0.5227089151055297,-0.5227089151055297,2492.TW,True,,,,
2026-09-07,9.944751381215466,-4.784688995215314,18.924302788844628,6.34067365181901,5.360134003350084,0.8071990800870414,1.5122200906831251,0.1616444133621719,-0.2745664739884357,-1.7857142857142905,2026-09-07,323.0,328.0,309.5,310.0,46391158,297.7,290.1,365.78072967529295,56.215211610600285,-2.22508948832143,-8.776803388626305,6.551713900304875,324.9992534982752,290.1,255.20074650172484,33899119.45,1.3685062843129394,23.949790205315345,8.20770519262981,-0.2347342124136675,1.6651381893682204,5.965790571547758,2.510748065348234,2026-09-04,3.8525963149078635,4.193548387096779,8.20770519262981,2026-09-04,2026-09-04T20:00:00+00:00,2026-09-05T04:00:00+08:00,2026-09-05T05:00:00+08:00,2026-09-07T08:30:00+08:00,2026-09-04,1.0,52.5,False,ok,3.3749603534097172,3.3749603534097172,-0.28991174002219733,-0.28991174002219733,-0.37572216084515997,-0.37572216084515997,0.9911686522946717,0.9911686522946717,4.43349558683217,4.43349558683217,2492.TW,True,,,,
2026-09-08,8.20770519262981,9.49152542372882,18.098720292504566,6.293109255586196,5.727554179566564,1.3685062843129394,1.6651381893682204,-0.0970802227241995,4.202289523257496,2.6478375992939007,2026-09-08,318.5,320.0,309.5,313.0,24951161,300.9,291.0,363.6369583129882,55.0691462785497,-0.0402950925252412,-7.0295017294060935,6.989206636880852,327.8995792302359,291.0,254.10042076976413,32468100.1,0.768482323362062,22.556484844606636,-1.393188854489169,-0.3671620448905233,-0.4658898396891597,-7.834645669291341,-6.894816305988927,2026-09-07,-3.095975232198145,1.757188498402562,-1.393188854489169,2026-09-04,2026-09-04T20:00:00+00:00,2026-09-05T04:00:00+08:00,2026-09-05T05:00:00+08:00,2026-09-08T08:30:00+08:00,2026-09-07,0.0,76.5,True,ok,3.3749603534097172,0.0,-0.28991174002219733,0.0,-0.37572216084515997,0.0,0.9911686522946717,0.0,4.43349558683217,0.0,2492.TW,True,,,0.1763,1.569488854489169
2026-09-09,-1.393188854489169,5.289256198347103,5.990016638935103,5.954144125238139,3.296703296703297,0.768482323362062,-0.4658898396891597,-0.2347342124136675,5.965790571547758,2.510748065348234,2026-09-09,319.5,323.0,312.0,319.0,25719538,306.2,292.575,360.7721033732096,55.28729798305629,1.7516696915603802,-5.273267445212799,7.024937136773179,331.56524844347933,292.575,253.58475155652064,30461937.2,0.8443172156496994,21.01562019865908,0.3139717425431731,-0.0180897502252253,0.1646891802691508,1.495087569414788,1.3513513513513598,2026-09-08,0.15698587127157548,0.15673981191222097,0.31397174254317317,2026-09-08,2026-09-08T20:00:00+00:00,2026-09-09T04:00:00+08:00,2026-09-09T05:00:00+08:00,2026-09-09T08:30:00+08:00,2026-09-08,1.0,4.5,False,ok,1.3004428927046563,1.3004428927046563,-0.32285852663127557,-0.32285852663127557,-0.5840447432778451,-0.5840447432778451,-4.4366705353859555,-4.4366705353859555,-1.037735411977092,-1.037735411977092,2492.TW,True,,,0.1209,0.19307174254317316
2026-09-10,0.31397174254317317,9.044368600682585,10.9375,5.854782935108285,3.4428794992175273,0.8443172156496994,0.1646891802691508,-0.3671620448905233,-7.834645669291341,-6.894816305988927,2026-09-10,334.0,344.0,303.0,316.5,41974523,318.7,293.45,357.3531397501628,58.43837585695269,4.292363813660984,-3.3601411934380425,7.652505007099027,335.37587443773185,293.45,251.52412556226813,31245269.2,1.3433881056144013,23.68020417217121,4.538341158059467,-0.1117492447464729,-0.5147388760934346,5.569584736251398,1.351111111111103,2026-09-09,-0.9389671361502372,5.529225908372837,4.538341158059467,2026-09-09,2026-09-09T20:00:00+00:00,2026-09-10T04:00:00+08:00,2026-09-10T05:00:00+08:00,2026-09-10T08:30:00+08:00,2026-09-09,1.0,4.5,False,ok,0.3655002526455897,0.3655002526455897,-0.636114088937989,-0.636114088937989,-0.48426479836394254,-0.48426479836394254,-0.1406844000352958,-0.1406844000352958,0.6990822432745514,0.6990822432745514,2492.TW,True,,,,
2026-09-11,4.538341158059467,23.020257826887658,5.529225908372837,5.524193628415626,12.275449101796406,1.3433881056144013,-0.5147388760934346,-0.0180897502252253,1.495087569414788,1.3513513513513598,2026-09-11,311.5,340.0,310.0,320.5,56383250,321.3,293.9,353.24418182373046,52.28130895667373,4.439148509737947,-1.8002832528028447,6.239431762540792,336.4238013847605,293.9,251.37619861523945,31638946.7,1.7820836620961216,24.522843615881715,-6.736526946107779,0.5434767453688316,-1.6097760087677493,-2.299003322259141,-1.47342571478688,2026-09-10,-4.041916167664672,-2.808112324492984,-6.736526946107779,2026-09-10,2026-09-10T20:00:00+00:00,2026-09-11T04:00:00+08:00,2026-09-11T05:00:00+08:00,2026-09-11T08:30:00+08:00,2026-09-10,1.0,4.5,False,ok,-2.6581332352022535,-2.6581332352022535,-0.6537040302163954,-0.6537040302163954,-0.5848292742657635,-0.5848292742657635,-1.141173780895799,-1.141173780895799,-0.9496651966175107,-0.9496651966175107,2492.TW,True,,,,
2026-09-14,-6.736526946107779,4.355108877721947,2.975206611570247,5.653475419990131,9.630818619582666,1.7820836620961216,-1.6097760087677493,-0.1117492447464729,5.569584736251398,1.351111111111103,2026-09-14,305.5,309.5,291.0,303.0,27879761,317.8,294.6,348.10681915283203,50.745879271727134,4.024929698861058,-0.6352406624700642,4.660170361331122,337.41735998154854,294.6,251.7826400184515,31716248.15,0.8790371694705006,23.986464467097488,-1.9261637239165297,0.1302375138906075,-0.6979172181896032,-2.5163220892274185,0.2848495638241077,2026-09-11,-2.72873194221509,0.8250825082508184,-1.9261637239165297,2026-09-11,2026-09-11T20:00:00+00:00,2026-09-12T04:00:00+08:00,2026-09-12T05:00:00+08:00,2026-09-14T08:30:00+08:00,2026-09-11,1.0,52.5,False,ok,1.80667305142308,1.80667305142308,0.9635804410131898,0.9635804410131898,0.8598836028398171,0.8598836028398171,8.50791132462254,8.50791132462254,6.13613970203668,6.13613970203668,2492.TW,True,,,,
2026-09-15,-1.9261637239165297,-5.417956656346745,4.80274442538593,5.603563567616067,6.055646481178396,0.8790371694705006,-0.6979172181896032,0.5434767453688316,-2.299003322259141,-1.47342571478688,2026-09-15,300.0,315.5,300.0,305.5,21574696,314.1,295.5,343.54093577067056,49.31610214116791,3.215784708016031,0.1349644116271549,3.080820296388876,337.95740899945974,295.5,253.04259100054023,31705261.25,0.6804768404171405,22.85493587148449,-1.8003273322422242,0.4665917444771184,-0.7653989654031412,3.23705874145388,0.6035860110065627,2026-09-14,0.0,-1.8003273322422242,-1.8003273322422242,2026-09-14,2026-09-14T20:00:00+00:00,2026-09-15T04:00:00+08:00,2026-09-15T05:00:00+08:00,2026-09-15T08:30:00+08:00,2026-09-14,1.0,4.5,False,ok,-5.858590380264717,-5.858590380264717,-0.5568248537587528,-0.5568248537587528,-0.48321923388043864,-0.48321923388043864,-5.897029025166978,-5.897029025166978,-7.256850086873101,-7.256850086873101,2492.TW,True,,,,
2026-09-04,-6.99708454810496,-5.481481481481476,7.588532883642496,6.609616957413162,10.501567398119123,0.7351456042011278,-0.6651369315447186,-0.0410265349467753,-5.075445816186552,-6.333225073075677,2026-09-04,701.0,701.0,683.0,692.0,7028993,699.6,672.65,720.7397338867188,53.33597192296919,11.798732521529246,6.967613260183514,4.831119261345732,756.8359470708164,672.65,588.4640529291836,9591808.55,0.732812061808719,60.83995652986628,9.874608150470207,-0.0970802227241995,1.5122200906831251,4.202289523257496,2.6478375992939007,2026-09-03,8.463949843260199,1.3005780346820872,9.874608150470209,2026-09-03,2026-09-03T20:00:00+00:00,2026-09-04T04:00:00+08:00,2026-09-04T05:00:00+08:00,2026-09-04T08:30:00+08:00,2026-09-03,1.0,4.5,False,ok,0.11358672586370133,0.11358672586370133,1.396875590614055,1.396875590614055,1.057963924661287,1.057963924661287,1.8109002686002684,1.8109002686002684,-0.5227089151055297,-0.5227089151055297,3026.TW,True,,,,
2026-09-07,9.874608150470209,-5.525606469002698,31.028037383177566,6.448404315687643,2.5677603423680457,0.732812061808719,1.5122200906831251,0.1616444133621719,-0.2745664739884357,-1.7857142857142905,2026-09-07,771.0,771.0,761.0,770.0,3387659,705.4,681.8,720.9382781982422,59.07255855159959,18.206501506648124,9.215390909476437,8.991110597171687,767.0207041806884,681.8,596.5792958193115,9700386.95,0.3492292645088761,62.06129565921744,9.985734664764625,-0.2347342124136675,1.6651381893682204,5.965790571547758,2.510748065348234,2026-09-04,9.84308131241085,0.12987012987013546,9.985734664764623,2026-09-04,2026-09-04T20:00:00+00:00,2026-09-05T04:00:00+08:00,2026-09-05T05:00:00+08:00,2026-09-07T08:30:00+08:00,2026-09-04,1.0,52.5,False,ok,3.3749603534097172,3.3749603534097172,-0.28991174002219733,-0.28991174002219733,-0.37572216084515997,-0.37572216084515997,0.9911686522946717,0.9911686522946717,4.43349558683217,4.43349558683217,3026.TW,True,,,,
2026-09-08,9.985734664764623,3.908355795148255,31.122448979591844,6.453824014966286,1.297016861219196,0.34922926450887615,1.6651381893682204,-0.0970802227241995,4.202289523257496,2.6478375992939007,2026-09-08,747.0,776.0,738.0,750.0,11712435,708.6,686.85,719.4782999674479,56.50762413859279,21.10482191941469,11.593277111464088,9.5115448079506,775.0561580377995,686.85,598.6438419622006,9162983.35,1.278233797074399,58.85312290465512,-3.11284046692607,-0.3671620448905233,-0.4658898396891597,-7.834645669291341,-6.894816305988927,2026-09-07,-2.7237354085603127,-0.40000000000000036,-3.11284046692607,2026-09-04,2026-09-04T20:00:00+00:00,2026-09-05T04:00:00+08:00,2026-09-05T05:00:00+08:00,2026-09-08T08:30:00+08:00,2026-09-07,0.0,76.5,True,ok,3.3749603534097172,0.0,-0.28991174002219733,0.0,-0.37572216084515997,0.0,0.9911686522946717,0.0,4.43349558683217,0.0,3026.TW,True,,,0.8677,3.98054046692607
2026-09-09,-3.11284046692607,2.188782489740082,15.634674922600622,6.2232075765880355,5.087014725568943,1.2782337970743993,-0.4658898396891597,-0.2347342124136675,5.965790571547758,2.510748065348234,2026-09-09,758.0,793.0,747.0,775.0,12573006,723.0,690.5,718.6156433105468,57.42018199961805,24.01256786195927,14.077135261563123,9.935432600396144,784.2510701693294,690.5,596.7489298306706,8605093.9,1.4611120048323936,57.13937318403444,1.4725568942436371,-0.0180897502252253,0.1646891802691508,1.495087569414788,1.3513513513513598,2026-09-08,3.748326639892907,-2.1935483870967776,1.4725568942436373,2026-09-08,2026-09-08T20:00:00+00:00,2026-09-09T04:00:00+08:00,2026-09-09T05:00:00+08:00,2026-09-09T08:30:00+08:00,2026-09-08,1.0,4.5,False,ok,1.3004428927046563,1.3004428927046563,-0.32285852663127557,-0.32285852663127557,-0.5840447432778451,-0.5840447432778451,-4.4366705353859555,-4.4366705353859555,-1.037735411977092,-1.037735411977092,3026.TW,True,,,0.8465,0.6260568942436373
2026-09-10,1.4725568942436373,10.495626822157433,10.656934306569333,6.107945719728785,6.068601583113456,1.4611120048323936,0.1646891802691508,-0.3671620448905233,-7.834645669291341,-6.894816305988927,2026-09-10,803.0,826.0,730.0,763.0,13451380,756.0,696.1,717.1616668701172,61.02313574416913,29.60681248518415,17.18307070628733,12.42374177889682,802.503205333594,696.1,589.696794666406,8054950.8,1.6699518512267015,62.32079009282985,5.936675461741414,-0.1117492447464729,-0.5147388760934346,5.569584736251398,1.351111111111103,2026-09-09,0.6596306068601621,5.242463958060295,5.936675461741414,2026-09-09,2026-09-09T20:00:00+00:00,2026-09-10T04:00:00+08:00,2026-09-10T05:00:00+08:00,2026-09-10T08:30:00+08:00,2026-09-09,1.0,4.5,False,ok,0.3655002526455897,0.3655002526455897,-0.636114088937989,-0.636114088937989,-0.48426479836394254,-0.48426479836394254,-0.1406844000352958,-0.1406844000352958,0.6990822432745514,0.6990822432745514,3026.TW,True,,,,
2026-09-11,5.936675461741414,25.86206896551724,16.208393632416794,6.220170254378629,11.955168119551681,1.6699518512267015,-0.5147388760934346,-0.0180897502252253,1.495087569414788,1.3513513513513598,2026-09-11,744.0,803.0,737.0,782.0,14596619,764.6,700.95,714.625,54.5104672589104,28.945815395287127,19.53561964408729,9.410195751199836,806.771050537414,700.95,595.1289494625861,8678430.6,1.6819422396487218,62.81135141378587,-7.347447073474466,0.5434767453688316,-1.6097760087677493,-2.299003322259141,-1.47342571478688,2026-09-10,-2.6151930261519296,-4.859335038363167,-7.347447073474466,2026-09-10,2026-09-10T20:00:00+00:00,2026-09-11T04:00:00+08:00,2026-09-11T05:00:00+08:00,2026-09-11T08:30:00+08:00,2026-09-10,1.0,4.5,False,ok,-2.6581332352022535,-2.6581332352022535,-0.6537040302163954,-0.6537040302163954,-0.5848292742657635,-0.5848292742657635,-1.141173780895799,-1.141173780895799,-0.9496651966175107,-0.9496651966175107,3026.TW,True,,,,
2026-09-14,-7.347447073474466,6.134094151212555,14.992272024729525,6.284250991658455,8.870967741935484,1.6819422396487218,-1.6097760087677493,-0.1117492447464729,5.569584736251398,1.351111111111103,2026-09-14,731.0,757.0,717.0,730.0,8112901,756.6,703.05,711.8583333333333,53.164113909491626,27.061036303256287,21.040702975921093,6.020333327335194,809.5374096832693,703.05,596.5625903167306,9015616.4,0.8998720264983767,59.76983789194776,-1.7473118279569877,0.1302375138906075,-0.6979172181896032,-2.5163220892274185,0.2848495638241077,2026-09-11,-1.8817204301075252,0.136986301369868,-1.7473118279569877,2026-09-11,2026-09-11T20:00:00+00:00,2026-09-12T04:00:00+08:00,2026-09-12T05:00:00+08:00,2026-09-14T08:30:00+08:00,2026-09-11,1.0,52.5,False,ok,1.80667305142308,1.80667305142308,0.9635804410131898,0.9635804410131898,0.8598836028398171,0.8598836028398171,8.50791132462254,8.50791132462254,6.13613970203668,6.13613970203668,3026.TW,True,,,,
2026-09-15,-1.7473118279569877,-5.188067444876787,6.095791001451389,6.166440284239078,5.471956224350205,0.8998720264983767,-0.6979172181896032,0.5434767453688316,-2.299003322259141,-1.47342571478688,2026-09-15,726.0,749.0,721.0,744.0,6218419,752.4,705.95,710.4916666666667,52.62573423703592,24.877109250488505,21.80798423083457,3.069125019653928,811.5739107698423,705.95,600.3260892301578,9264215.05,0.6712299926586872,55.53385950635473,-0.6839945280437743,0.4665917444771184,-0.7653989654031412,3.23705874145388,0.6035860110065627,2026-09-14,1.7783857729138264,-2.4193548387096753,-0.6839945280437743,2026-09-14,2026-09-14T20:00:00+00:00,2026-09-15T04:00:00+08:00,2026-09-15T05:00:00+08:00,2026-09-15T08:30:00+08:00,2026-09-14,1.0,4.5,False,ok,-5.858590380264717,-5.858590380264717,-0.5568248537587528,-0.5568248537587528,-0.48321923388043864,-0.48321923388043864,-5.897029025166978,-5.897029025166978,-7.256850086873101,-7.256850086873101,3026.TW,True,,,,
2026-09-04,-4.608294930875578,-9.606986899563319,-11.704551423233822,2.995379241079868,6.521739130434782,0.7776138984131047,-0.6651369315447186,-0.0410265349467753,-5.075445816186552,-6.333225073075677,2026-09-04,225.0,227.0,214.5,214.5,3440226,219.4,228.2017654418945,290.5685221354167,44.9510082546413,-12.038900239351705,-14.343058298230464,2.304158058878759,250.23795784389088,228.2017654418945,206.1655730398982,2868700.55,1.19922799192129,14.089387434236492,8.695652173913038,-0.0970802227241995,1.5122200906831251,4.202289523257496,2.6478375992939007,2026-09-03,3.6231884057970953,4.895104895104896,8.695652173913038,2026-09-03,2026-09-03T20:00:00+00:00,2026-09-04T04:00:00+08:00,2026-09-04T05:00:00+08:00,2026-09-04T08:30:00+08:00,2026-09-03,1.0,4.5,False,ok,0.11358672586370133,0.11358672586370133,1.396875590614055,1.396875590614055,1.057963924661287,1.057963924661287,1.8109002686002684,1.8109002686002684,-0.5227089151055297,-0.5227089151055297,2472.TW,True,,,,
2026-09-07,8.695652173913038,-3.2258064516129004,-0.472118916702835,3.5539752563171043,5.555555555555555,1.19922799192129,1.5122200906831251,0.1616444133621719,-0.2745664739884357,-1.7857142857142905,2026-09-07,226.0,235.5,225.0,230.0,3005779,219.8,227.6566261291504,288.2361323038737,45.44679696833846,-10.91288141337077,-13.657022921258523,2.744141507887756,249.32283510685596,227.6566261291504,205.9904171514449,2904276.9,1.0349491813263398,13.61080244300496,0.4444444444444473,-0.2347342124136675,1.6651381893682204,5.965790571547758,2.510748065348234,2026-09-04,2.2222222222222143,-1.7391304347826098,0.4444444444444473,2026-09-04,2026-09-04T20:00:00+00:00,2026-09-05T04:00:00+08:00,2026-09-05T05:00:00+08:00,2026-09-07T08:30:00+08:00,2026-09-04,1.0,52.5,False,ok,3.3749603534097172,3.3749603534097172,-0.28991174002219733,-0.28991174002219733,-0.37572216084515997,-0.37572216084515997,0.9911686522946717,0.9911686522946717,4.43349558683217,4.43349558683217,2472.TW,True,,,,
2026-09-08,0.4444444444444473,0.8928571428571397,-4.6022195125862915,3.376173155713295,4.646017699115045,1.0349491813263398,1.6651381893682204,-0.0970802227241995,4.202289523257496,2.6478375992939007,2026-09-08,215.5,226.5,214.5,226.5,2102214,218.1,226.38947830200195,285.49069061279295,41.24625110443419,-10.743916448133632,-13.074401626633549,2.3304851784999148,247.77101426773524,226.38947830200195,205.00794233626863,2707784.65,0.7763593755507847,13.396028783937632,-4.6460176991150455,-0.3671620448905233,-0.4658898396891597,-7.834645669291341,-6.894816305988927,2026-09-07,0.22123893805310324,-4.856512141280356,-4.6460176991150455,2026-09-04,2026-09-04T20:00:00+00:00,2026-09-05T04:00:00+08:00,2026-09-05T05:00:00+08:00,2026-09-08T08:30:00+08:00,2026-09-07,0.0,76.5,True,ok,3.3749603534097172,0.0,-0.28991174002219733,0.0,-0.37572216084515997,0.0,0.9911686522946717,0.0,4.43349558683217,0.0,2472.TW,True,,,1.6266,6.272617699115045
2026-09-09,-4.6460176991150455,-3.7946428571428603,-10.522606476327368,3.4876218802030503,5.56844547563805,0.7763593755507847,-0.4658898396891597,-0.2347342124136675,5.965790571547758,2.510748065348234,2026-09-09,215.0,220.5,213.0,216.5,1335700,217.7,224.8264442443848,283.36898447672525,41.05167088986058,-10.528984735219808,-12.5653182483508,2.036333513130991,244.60177116388968,224.8264442443848,205.05111732487984,2555259.9,0.5227256922084521,12.60989161274595,-0.2320185614849146,-0.0180897502252253,0.1646891802691508,1.495087569414788,1.3513513513513598,2026-09-08,0.46403712296982924,-0.6928406466512715,-0.23201856148491462,2026-09-08,2026-09-08T20:00:00+00:00,2026-09-09T04:00:00+08:00,2026-09-09T05:00:00+08:00,2026-09-09T08:30:00+08:00,2026-09-08,1.0,4.5,False,ok,1.3004428927046563,1.3004428927046563,-0.32285852663127557,-0.32285852663127557,-0.5840447432778451,-0.5840447432778451,-4.4366705353859555,-4.4366705353859555,-1.037735411977092,-1.037735411977092,2472.TW,True,,,1.5704,1.8024185614849146
2026-09-10,-0.23201856148491462,-0.9216589861751112,-12.694142242303386,3.4283970669766566,3.488372093023256,0.5227256922084521,0.1646891802691508,-0.3671620448905233,-7.834645669291341,-6.894816305988927,2026-09-10,217.0,220.0,208.5,215.0,2054094,219.7,223.21565322875975,280.98509928385414,42.22573894265215,-10.081058353475726,-12.068466269375786,1.9874079159000608,239.580380996102,223.21565322875975,206.8509254614176,2312505.7,0.8882546754371242,12.461906064379823,0.930232558139532,-0.1117492447464729,-0.5147388760934346,5.569584736251398,1.351111111111103,2026-09-09,0.0,0.9302325581395321,0.9302325581395321,2026-09-09,2026-09-09T20:00:00+00:00,2026-09-10T04:00:00+08:00,2026-09-10T05:00:00+08:00,2026-09-10T08:30:00+08:00,2026-09-09,1.0,4.5,False,ok,0.3655002526455897,0.3655002526455897,-0.636114088937989,-0.636114088937989,-0.48426479836394254,-0.48426479836394254,-0.1406844000352958,-0.1406844000352958,0.6990822432745514,0.6990822432745514,2472.TW,True,,,,
2026-09-11,0.9302325581395321,4.8309178743961345,-12.926876099640673,3.421377380441066,5.299539170506913,0.8882546754371242,-0.5147388760934346,-0.0180897502252253,1.495087569414788,1.3513513513513598,2026-09-11,213.5,221.0,211.5,212.5,2374600,217.4,221.82387924194336,277.9436462402344,40.69810706208599,-9.894437303921508,-11.633660476284932,1.7392231723634255,236.32901883314275,221.82387924194336,207.318739650744,2295574.55,1.0344251289943949,12.066985255795846,-1.6129032258064502,0.5434767453688316,-1.6097760087677493,-2.299003322259141,-1.47342571478688,2026-09-10,-2.073732718894006,0.47058823529411153,-1.6129032258064502,2026-09-10,2026-09-10T20:00:00+00:00,2026-09-11T04:00:00+08:00,2026-09-11T05:00:00+08:00,2026-09-11T08:30:00+08:00,2026-09-10,1.0,4.5,False,ok,-2.6581332352022535,-2.6581332352022535,-0.6537040302163954,-0.6537040302163954,-0.5848292742657635,-0.5848292742657635,-1.141173780895799,-1.141173780895799,-0.9496651966175107,-0.9496651966175107,2472.TW,True,,,,
2026-09-14,-1.6129032258064502,-5.111111111111111,-11.533935982699195,3.378418727000714,4.449648711943794,1.0344251289943949,-1.6097760087677493,-0.1117492447464729,5.569584736251398,1.351111111111103,2026-09-14,210.5,214.5,205.0,209.0,1446324,214.3,220.47911376953124,274.9917409261068,39.38292077983798,-9.874783349952564,-11.28188505101846,1.4071017010658942,233.8482732759356,220.47911376953124,207.10995426312687,2302624.4,0.6281198097266754,11.724720555023064,-1.4051522248243575,0.1302375138906075,-0.6979172181896032,-2.5163220892274185,0.2848495638241077,2026-09-11,-2.1077283372365363,0.7177033492822948,-1.4051522248243575,2026-09-11,2026-09-11T20:00:00+00:00,2026-09-12T04:00:00+08:00,2026-09-12T05:00:00+08:00,2026-09-14T08:30:00+08:00,2026-09-11,1.0,52.5,False,ok,1.80667305142308,1.80667305142308,0.9635804410131898,0.9635804410131898,0.8598836028398171,0.8598836028398171,8.50791132462254,8.50791132462254,6.13613970203668,6.13613970203668,2472.TW,True,,,,
2026-09-15,-1.4051522248243575,-6.858407079646023,-11.329334817420222,3.37498915643618,4.513064133016627,0.6281198097266754,-0.6979172181896032,0.5434767453688316,-2.299003322259141,-1.47342571478688,2026-09-15,208.0,216.0,208.0,211.0,1493985,212.8,219.625,272.498898824056,38.27295772503384,-9.946282008809362,-11.014764442576642,1.0684824337672794,233.9073962311977,219.625,205.34260376880223,2266235.9,0.6592363133952648,11.228091147686657,-1.187648456057011,0.4665917444771184,-0.7653989654031412,3.23705874145388,0.6035860110065627,2026-09-14,0.23752969121140222,-1.4218009478673022,-1.187648456057011,2026-09-14,2026-09-14T20:00:00+00:00,2026-09-15T04:00:00+08:00,2026-09-15T05:00:00+08:00,2026-09-15T08:30:00+08:00,2026-09-14,1.0,4.5,False,ok,-5.858590380264717,-5.858590380264717,-0.5568248537587528,-0.5568248537587528,-0.48321923388043864,-0.48321923388043864,-5.897029025166978,-5.897029025166978,-7.256850086873101,-7.256850086873101,2472.TW,True,,,,
2026-09-04,-2.8708133971291905,-6.451612903225811,-3.3333333333333326,4.239647148150204,3.9408866995073892,0.4638070375296883,-0.6651369315447186,-0.0410265349467753,-5.075445816186552,-6.333225073075677,2026-09-04,214.0,215.5,206.5,206.5,1615521,211.4,217.575,243.70374298095703,47.960039191115285,-4.104215454362532,-4.615580374819171,0.5113649204566393,239.0698586263841,217.575,196.08014137361587,1999041.85,0.8081476633418154,10.761783250500658,5.418719211822665,-0.0970802227241995,1.5122200906831251,4.202289523257496,2.6478375992939007,2026-09-03,1.724137931034475,3.6319612590798966,5.418719211822665,2026-09-03,2026-09-03T20:00:00+00:00,2026-09-04T04:00:00+08:00,2026-09-04T05:00:00+08:00,2026-09-04T08:30:00+08:00,2026-09-03,1.0,4.5,False,ok,0.11358672586370133,0.11358672586370133,1.396875590614055,1.396875590614055,1.057963924661287,1.057963924661287,1.8109002686002684,1.8109002686002684,-0.5227089151055297,-0.5227089151055297,3357.TWO,True,,,,
2026-09-07,5.418719211822665,-4.0358744394618835,3.3816425120772875,4.3988514743969125,4.205607476635514,0.8081476633418154,1.5122200906831251,0.1616444133621719,-0.2745664739884357,-1.7857142857142905,2026-09-07,213.5,221.0,213.5,221.0,1959232,211.0,217.35,242.46137440999348,47.69547319418835,-3.7751219967317127,-4.44748869920168,0.6723667024699669,238.9202036200483,217.35,195.77979637995168,1999866.4,0.9796814427203736,10.326878817100573,-0.2336448598130869,-0.2347342124136675,1.6651381893682204,5.965790571547758,2.510748065348234,2026-09-04,3.2710280373831724,-3.3936651583710398,-0.2336448598130869,2026-09-04,2026-09-04T20:00:00+00:00,2026-09-05T04:00:00+08:00,2026-09-05T05:00:00+08:00,2026-09-07T08:30:00+08:00,2026-09-04,1.0,52.5,False,ok,3.3749603534097172,3.3749603534097172,-0.28991174002219733,-0.28991174002219733,-0.37572216084515997,-0.37572216084515997,0.9911686522946717,0.9911686522946717,4.43349558683217,4.43349558683217,3357.TWO,True,,,,
2026-09-08,-0.2336448598130869,-0.9280742459396807,-2.064220183486243,4.235125894085976,3.51288056206089,0.9796814427203737,1.6651381893682204,-0.0970802227241995,4.202289523257496,2.6478375992939007,2026-09-08,206.5,213.0,206.0,210.5,991519,209.2,216.725,240.62718454996744,44.03322549196996,-4.032668467286129,-4.36452465281857,0.3318561855324411,238.81208839308684,216.725,194.63791160691315,1861559.2,0.5326282398110144,9.949961641487162,-3.278688524590168,-0.3671620448905233,-0.4658898396891597,-7.834645669291341,-6.894816305988927,2026-09-07,-1.4051522248243575,-1.9002375296912066,-3.2786885245901676,2026-09-04,2026-09-04T20:00:00+00:00,2026-09-05T04:00:00+08:00,2026-09-05T05:00:00+08:00,2026-09-08T08:30:00+08:00,2026-09-07,0.0,76.5,True,ok,3.3749603534097172,0.0,-0.28991174002219733,0.0,-0.37572216084515997,0.0,0.9911686522946717,0.0,4.43349558683217,0.0,3357.TWO,True,,,0.0492,3.3278885245901675
2026-09-09,-3.2786885245901676,-4.176334106728541,-5.707762557077622,4.294959672043819,3.389830508474576,0.5326282398110144,-0.4658898396891597,-0.2347342124136675,5.965790571547758,2.510748065348234,2026-09-09,208.0,210.5,207.0,207.0,493250,209.0,215.6,239.16207224527997,45.007655591272126,-4.06883543461754,-4.305386809178365,0.2365513745608245,237.01470227866903,215.6,194.18529772133093,1712498.2,0.2880294998266275,9.156633422622209,0.7263922518159882,-0.0180897502252253,0.1646891802691508,1.495087569414788,1.3513513513513598,2026-09-08,0.2421307506053294,0.48309178743961567,0.7263922518159882,2026-09-08,2026-09-08T20:00:00+00:00,2026-09-09T04:00:00+08:00,2026-09-09T05:00:00+08:00,2026-09-09T08:30:00+08:00,2026-09-08,1.0,4.5,False,ok,1.3004428927046563,1.3004428927046563,-0.32285852663127557,-0.32285852663127557,-0.5840447432778451,-0.5840447432778451,-4.4366705353859555,-4.4366705353859555,-1.037735411977092,-1.037735411977092,3357.TWO,True,,,-0.0676,0.7939922518159882
2026-09-10,0.7263922518159882,-0.4784688995215336,-9.76138828633406,4.107447897383241,1.6826923076923077,0.28802949982662757,0.1646891802691508,-0.3671620448905233,-7.834645669291341,-6.894816305988927,2026-09-10,207.0,210.5,202.5,209.0,884300,209.8,213.275,237.42633158365885,44.452000690671646,-4.130574962474157,-4.270424439837523,0.1398494773633665,225.481447821577,213.275,201.068552178423,1564901.2,0.5650835976098683,9.002415632939247,-0.480769230769229,-0.1117492447464729,-0.5147388760934346,5.569584736251398,1.351111111111103,2026-09-09,0.48076923076922906,-0.9569377990430672,-0.48076923076922906,2026-09-09,2026-09-09T20:00:00+00:00,2026-09-10T04:00:00+08:00,2026-09-10T05:00:00+08:00,2026-09-10T08:30:00+08:00,2026-09-09,1.0,4.5,False,ok,0.3655002526455897,0.3655002526455897,-0.636114088937989,-0.636114088937989,-0.48426479836394254,-0.48426479836394254,-0.1406844000352958,-0.1406844000352958,0.6990822432745514,0.6990822432745514,3357.TWO,True,,,,
2026-09-11,-0.48076923076922906,1.9704433497536922,-18.343195266272193,3.2983487499303554,3.864734299516908,0.5650835976098683,-0.5147388760934346,-0.0180897502252253,1.495087569414788,1.3513513513513598,2026-09-11,201.0,210.0,201.0,203.0,840080,207.2,211.9,235.07447408040363,41.167921422899525,-4.610506786721061,-4.338440909214231,-0.2720658775068294,223.03363798300785,211.9,200.76636201699216,1355229.2,0.619880386284475,9.002093548547347,-2.898550724637683,0.5434767453688316,-1.6097760087677493,-2.299003322259141,-1.47342571478688,2026-09-10,-1.9323671497584516,-0.9852216748768461,-2.898550724637683,2026-09-10,2026-09-10T20:00:00+00:00,2026-09-11T04:00:00+08:00,2026-09-11T05:00:00+08:00,2026-09-11T08:30:00+08:00,2026-09-10,1.0,4.5,False,ok,-2.6581332352022535,-2.6581332352022535,-0.6537040302163954,-0.6537040302163954,-0.5848292742657635,-0.5848292742657635,-1.141173780895799,-1.141173780895799,-0.9496651966175107,-0.9496651966175107,3357.TWO,True,,,,
2026-09-14,-2.898550724637683,-6.0747663551401825,-12.035010940919033,2.6028962085399265,4.477611940298507,0.619880386284475,-1.6097760087677493,-0.1117492447464729,5.569584736251398,1.351111111111103,2026-09-14,199.0,202.0,194.5,197.0,669377,204.3,210.85,232.71386057535807,40.10432478431214,-5.093524520399171,-4.48945763145122,-0.6040668889479512,222.70482357966995,210.85,198.99517642033004,1299613.9,0.515058356947398,8.801814408741034,-0.995024875621886,0.1302375138906075,-0.6979172181896032,-2.5163220892274185,0.2848495638241077,2026-09-11,-1.9900497512437831,1.0152284263959421,-0.995024875621886,2026-09-11,2026-09-11T20:00:00+00:00,2026-09-12T04:00:00+08:00,2026-09-12T05:00:00+08:00,2026-09-14T08:30:00+08:00,2026-09-11,1.0,52.5,False,ok,1.80667305142308,1.80667305142308,0.9635804410131898,0.9635804410131898,0.8598836028398171,0.8598836028398171,8.50791132462254,8.50791132462254,6.13613970203668,6.13613970203668,3357.TWO,True,,,,
2026-09-15,-0.995024875621886,-6.79156908665105,-9.545454545454547,2.5006942860119996,3.7688442211055273,0.515058356947398,-0.6979172181896032,0.5434767453688316,-2.299003322259141,-1.47342571478688,2026-09-15,199.0,204.5,199.0,200.0,572766,202.8,210.15,230.8693634033203,40.104324784312126,-5.413911354244988,-4.6743483760099735,-0.7395629782350142,223.0752914046289,210.15,197.2247085953711,1255141.15,0.4563359268397821,8.361572487575563,0.0,0.4665917444771184,-0.7653989654031412,3.23705874145388,0.6035860110065627,2026-09-14,0.5025125628140614,-0.5000000000000004,0.0,2026-09-14,2026-09-14T20:00:00+00:00,2026-09-15T04:00:00+08:00,2026-09-15T05:00:00+08:00,2026-09-15T08:30:00+08:00,2026-09-14,1.0,4.5,False,ok,-5.858590380264717,-5.858590380264717,-0.5568248537587528,-0.5568248537587528,-0.48321923388043864,-0.48321923388043864,-5.897029025166978,-5.897029025166978,-7.256850086873101,-7.256850086873101,3357.TWO,True,,,,
2026-09-04,-1.4054087046030284,-4.201680806959162,7.420489174482459,3.2098279053192007,5.921054502823613,1.1599563885120163,-0.6651369315447186,-0.0410265349467753,-0.4267105044421182,3.307465914210028,2026-09-04,92.9000015258789,93.5,89.0,92.6999969482422,10335155,93.31999969482422,90.58500022888184,98.8936175028483,52.22511858899823,0.8016778755622198,0.1358035699878303,0.6658743055743895,98.2509946858809,90.58500022888184,82.91900577188278,18675424.2,0.553409383868239,5.153180884842702,1.8640401694328013,-0.0970802227241995,1.5122200906831251,,,2026-09-03,1.644736897141863,0.21575467553507366,1.864040169432779,2026-09-03,2026-09-03T20:00:00+00:00,2026-09-04T04:00:00+08:00,2026-09-04T05:00:00+08:00,2026-09-04T08:30:00+08:00,2026-09-03,1.0,4.5,False,ok,0.11358672586370133,0.11358672586370133,1.396875590614055,1.396875590614055,1.057963924661287,1.057963924661287,1.8109002686002684,1.8109002686002684,-0.5227089151055297,-0.5227089151055297,5425.TWO,True,0.9911686522946715,4.43349558683217,,
2026-09-07,1.864040169432779,-3.530634909794872,12.6060624556108,3.131590353716653,4.843918112042708,0.553409383868239,1.5122200906831251,0.1616444133621719,1.8109002686002684,-0.5227089151055297,2026-09-07,92.4000015258789,95.3000030517578,91.8000030517578,93.5,10669832,92.83999938964844,90.9900001525879,98.79031880696614,51.46828411852261,0.7616204227172716,0.2609669405337186,0.500653482183553,98.093120723267,90.9900001525879,83.88687958190879,18972445.7,0.5623856917930197,4.932756766863675,-0.5382131235603049,-0.2347342124136675,1.6651381893682204,,,2026-09-04,0.6458541057762668,-1.1764689562792419,-0.5382131235603049,2026-09-04,2026-09-04T20:00:00+00:00,2026-09-05T04:00:00+08:00,2026-09-05T05:00:00+08:00,2026-09-07T08:30:00+08:00,2026-09-04,1.0,52.5,False,ok,3.3749603534097172,3.3749603534097172,-0.28991174002219733,-0.28991174002219733,-0.37572216084515997,-0.37572216084515997,0.9911686522946717,0.9911686522946717,4.43349558683217,4.43349558683217,5425.TWO,True,0.9911686522946715,4.43349558683217,,
2026-09-08,-0.5382131235603049,-2.53164709769953,9.608538767368646,3.1201790602194817,3.787878725326361,0.5623856917930197,1.6651381893682204,-0.0970802227241995,0.9911686522946715,4.43349558683217,2026-09-08,89.5999984741211,93.0,89.5999984741211,92.5999984741211,5539757,91.71999969482422,91.17000007629396,98.64035339355468,47.33165711518252,0.4981948766419322,0.3084125277553613,0.1897823488865708,97.91407400421885,91.17000007629396,84.42592614836906,18763875.9,0.2952352184337352,4.728389401399039,-3.030306283029227,-0.3671620448905233,-0.4658898396891597,,,2026-09-07,0.21644691010764827,-3.2397408741193567,-3.030306283029227,2026-09-04,2026-09-04T20:00:00+00:00,2026-09-05T04:00:00+08:00,2026-09-05T05:00:00+08:00,2026-09-08T08:30:00+08:00,2026-09-07,0.0,76.5,True,ok,3.3749603534097172,0.0,-0.28991174002219733,0.0,-0.37572216084515997,0.0,0.9911686522946717,0.0,4.43349558683217,0.0,5425.TWO,True,-4.436670535385956,-1.037735411977092,-0.226,2.804304681687135
2026-09-09,-3.030306283029227,-5.882351526928808,4.186044737350114,3.1946588777858365,3.794644624755121,0.29523521843373524,-0.4658898396891597,-0.2347342124136675,0.9911686522946715,4.43349558683217,2026-09-09,90.0,91.5999984741211,89.5999984741211,89.69999694824219,3558462,91.21999969482422,91.33500022888184,98.540984471639,47.974947451251126,0.3180388596827157,0.3103377941408322,0.0077010655418834,97.77313502982678,91.33500022888184,84.8968654279369,18641254.2,0.1908917695033631,4.364604147879168,0.446430282021093,-0.0180897502252253,0.1646891802691508,,,2026-09-08,0.11160544176791465,0.3344515740963949,0.44643028202109303,2026-09-08,2026-09-08T20:00:00+00:00,2026-09-09T04:00:00+08:00,2026-09-09T05:00:00+08:00,2026-09-09T08:30:00+08:00,2026-09-08,1.0,4.5,False,ok,1.3004428927046563,1.3004428927046563,-0.32285852663127557,-0.32285852663127557,-0.5840447432778451,-0.5840447432778451,-4.4366705353859555,-4.4366705353859555,-1.037735411977092,-1.037735411977092,5425.TWO,True,-0.1406844000352958,0.6990822432745514,-0.2555,0.701928571428581
2026-09-10,0.44643028202109303,-2.7027027027026973,3.8062320275833894,3.192314280467215,2.2222222222222223,0.19089176950336315,0.1646891802691508,-0.3671620448905233,-4.436670535385956,-1.037735411977092,2026-09-10,89.30000305175781,91.3000030517578,89.0,90.0,5377741,90.84000091552734,91.36000022888184,98.27212715148926,46.89548488698867,0.1174263962830224,0.2717555145692703,-0.1543291182862478,97.76046084503297,91.36000022888184,84.95953961273071,18178790.45,0.2958250173349679,4.089324001729653,-0.777774386935759,-0.1117492447464729,-0.5147388760934346,,,2026-09-09,0.0,-0.777774386935759,-0.777774386935759,2026-09-09,2026-09-09T20:00:00+00:00,2026-09-10T04:00:00+08:00,2026-09-10T05:00:00+08:00,2026-09-10T08:30:00+08:00,2026-09-09,1.0,4.5,False,ok,0.3655002526455897,0.3655002526455897,-0.636114088937989,-0.636114088937989,-0.48426479836394254,-0.48426479836394254,-0.1406844000352958,-0.1406844000352958,0.6990822432745514,0.6990822432745514,5425.TWO,True,-1.141173780895799,-0.9496651966175108,,
2026-09-11,-0.777774386935759,-2.083326710594824,0.5630630437124751,3.1568614312191814,2.5755912353381762,0.29582501733496797,-0.5147388760934346,-0.0180897502252253,-0.1406844000352958,0.6990822432745514,2026-09-11,86.0999984741211,88.30000305175781,86.0999984741211,87.4000015258789,5559552,89.48000030517578,91.39000015258787,97.7790985107422,42.21880008785048,-0.2963578236425661,0.158132846926903,-0.4544906705694691,97.67947377024004,91.39000015258787,85.10052653493574,18127308.65,0.3066948385633628,3.9707480785172624,-3.5834316554076877,0.5434767453688316,-1.6097760087677493,,,2026-09-10,-2.1276612104679016,-1.4874176533885786,-3.5834316554076873,2026-09-10,2026-09-10T20:00:00+00:00,2026-09-11T04:00:00+08:00,2026-09-11T05:00:00+08:00,2026-09-11T08:30:00+08:00,2026-09-10,1.0,4.5,False,ok,-2.6581332352022535,-2.6581332352022535,-0.6537040302163954,-0.6537040302163954,-0.5848292742657635,-0.5848292742657635,-1.141173780895799,-1.141173780895799,-0.9496651966175107,-0.9496651966175107,5425.TWO,True,8.50791132462254,6.13613970203668,,
2026-09-14,-3.5834316554076873,-7.319701765412301,0.701752601311223,3.1485994338896517,2.555173770761413,0.3066948385633628,-1.6097760087677493,-0.1117492447464729,-1.141173780895799,-0.9496651966175108,2026-09-14,90.0999984741211,92.0,84.4000015258789,84.5999984741211,13219085,89.01999969482422,91.4,97.16562830607096,49.05760900644499,-0.2980821233148276,0.0668898528785568,-0.3649719761933845,97.68012790387374,91.4,85.11987209612627,18308992.5,0.7219995857226988,4.45464813126444,4.645760825654688,0.1302375138906075,-0.6979172181896032,,,2026-09-11,-1.7421603096205107,6.501182150354801,4.645760825654688,2026-09-11,2026-09-11T20:00:00+00:00,2026-09-12T04:00:00+08:00,2026-09-12T05:00:00+08:00,2026-09-14T08:30:00+08:00,2026-09-11,1.0,52.5,False,ok,1.80667305142308,1.80667305142308,0.9635804410131898,0.9635804410131898,0.8598836028398171,0.8598836028398171,8.50791132462254,8.50791132462254,6.13613970203668,6.13613970203668,5425.TWO,True,-5.897029025166978,-7.256850086873101,,
2026-09-15,4.645760825654688,-2.489180750839748,0.22246601206632466,3.1079500044788952,8.435070591376311,0.7219995857226988,-0.6979172181896032,0.5434767453688316,8.50791132462254,6.13613970203668,2026-09-15,89.4000015258789,93.5999984741211,88.80000305175781,88.80000305175781,14748837,88.98000030517578,91.29500007629396,96.4754103342692,47.98722312739296,-0.3518763354726246,-0.0168633847916794,-0.3350129506809452,97.637994969788,91.29500007629396,84.9520051827999,17273086.8,0.8538622639237823,4.500694436744285,-0.7769111654793659,0.4665917444771184,-0.7653989654031412,,,2026-09-14,-1.4428362312754905,0.6756739341229334,-0.7769111654793659,2026-09-14,2026-09-14T20:00:00+00:00,2026-09-15T04:00:00+08:00,2026-09-15T05:00:00+08:00,2026-09-15T08:30:00+08:00,2026-09-14,1.0,4.5,False,ok,-5.858590380264717,-5.858590380264717,-0.5568248537587528,-0.5568248537587528,-0.48321923388043864,-0.48321923388043864,-5.897029025166978,-5.897029025166978,-7.256850086873101,-7.256850086873101,5425.TWO,True,-5.897029025166978,-7.256850086873101,,
2026-09-04,5.405405405405395,6.484641638225264,12.230215827338121,4.1535635536663404,7.6923076923076925,2.3568890461016085,-0.6651369315447186,-0.0410265349467753,-0.4267105044421182,3.307465914210028,2026-09-04,156.0,161.5,146.0,161.0,71276732,153.6,144.05,157.325,56.294005559584434,2.360744391518466,-0.1909604287843035,2.5517048203027697,159.66342202620902,144.05,128.436577973791,30600074.2,2.329299319150017,11.546869113700044,0.0,-0.0970802227241995,1.5122200906831251,,,2026-09-03,3.205128205128216,-3.105590062111796,0.0,2026-09-03,2026-09-03T20:00:00+00:00,2026-09-04T04:00:00+08:00,2026-09-04T05:00:00+08:00,2026-09-04T08:30:00+08:00,2026-09-03,1.0,4.5,False,ok,0.11358672586370133,0.11358672586370133,1.396875590614055,1.396875590614055,1.057963924661287,1.057963924661287,1.8109002686002684,1.8109002686002684,-0.5227089151055297,-0.5227089151055297,2481.TW,True,0.9911686522946715,4.43349558683217,,
2026-09-07,0.0,1.298701298701288,17.29323308270676,3.990334236480189,9.935897435897436,2.329299319150017,1.5122200906831251,0.1616444133621719,1.8109002686002684,-0.5227089151055297,2026-09-07,158.0,168.0,155.0,158.0,60360656,155.0,145.075,157.54166666666666,57.432055427958616,2.9105335998589226,0.4293383769443417,2.4811952229145806,161.54594730922437,145.075,128.6040526907756,33034849.8,1.827181184883123,11.74061989854004,1.2820512820512775,-0.2347342124136675,1.6651381893682204,,,2026-09-04,1.2820512820512775,0.0,1.2820512820512775,2026-09-04,2026-09-04T20:00:00+00:00,2026-09-05T04:00:00+08:00,2026-09-05T05:00:00+08:00,2026-09-07T08:30:00+08:00,2026-09-04,1.0,52.5,False,ok,3.3749603534097172,3.3749603534097172,-0.28991174002219733,-0.28991174002219733,-0.37572216084515997,-0.37572216084515997,0.9911686522946717,0.9911686522946717,4.43349558683217,4.43349558683217,2481.TW,True,0.9911686522946715,4.43349558683217,,
2026-09-08,1.2820512820512775,4.635761589403975,14.909090909090917,3.9482587455358735,8.227848101265822,1.827181184883123,1.6651381893682204,-0.0970802227241995,0.9911686522946715,4.43349558683217,2026-09-08,152.5,161.5,151.0,159.0,26392397,154.1,145.625,157.70833333333334,53.32027386096794,2.869365217791085,0.9173437451136904,1.9520214726773943,162.32632361600136,145.625,128.92367638399864,33147596.05,0.7962084779900652,11.575203912068035,-3.4810126582278444,-0.3671620448905233,-0.4658898396891597,,,2026-09-07,0.6329113924050667,-4.0880503144654075,-3.4810126582278444,2026-09-04,2026-09-04T20:00:00+00:00,2026-09-05T04:00:00+08:00,2026-09-05T05:00:00+08:00,2026-09-08T08:30:00+08:00,2026-09-07,0.0,76.5,True,ok,3.3749603534097172,0.0,-0.28991174002219733,0.0,-0.37572216084515997,0.0,0.9911686522946717,0.0,4.43349558683217,0.0,2481.TW,True,-4.436670535385956,-1.037735411977092,0.1605,3.6415126582278443
2026-09-09,-3.4810126582278444,-2.86624203821656,7.773851590106018,4.023891319702257,6.885245901639345,0.7962084779900652,-0.4658898396891597,-0.2347342124136675,0.9911686522946715,4.43349558683217,2026-09-09,152.0,159.5,150.0,153.5,23039514,154.9,146.275,157.90833333333333,52.94914339019136,2.764525428788744,1.2867800818487012,1.4777453469400428,162.90241870019725,146.275,129.64758129980277,33545224.65,0.6868194874348531,11.298510057125632,-0.3278688524590123,-0.0180897502252253,0.1646891802691508,,,2026-09-08,0.6557377049180246,-0.9771986970684043,-0.3278688524590123,2026-09-08,2026-09-08T20:00:00+00:00,2026-09-09T04:00:00+08:00,2026-09-09T05:00:00+08:00,2026-09-09T08:30:00+08:00,2026-09-08,1.0,4.5,False,ok,1.3004428927046563,1.3004428927046563,-0.32285852663127557,-0.32285852663127557,-0.5840447432778451,-0.5840447432778451,-4.4366705353859555,-4.4366705353859555,-1.037735411977092,-1.037735411977092,2481.TW,True,-0.1406844000352958,0.6990822432745514,0.0164,0.34426885245901234
2026-09-10,-0.3278688524590123,2.7027027027026973,9.35251798561152,3.9949163969474624,6.25,0.6868194874348531,0.1646891802691508,-0.3671620448905233,-4.436670535385956,-1.037735411977092,2026-09-10,154.5,159.0,150.0,152.0,42758225,154.6,146.85,158.05833333333334,54.64886233488907,2.850311629099849,1.5994863912989308,1.2508252378009184,163.7929382898843,146.85,129.9070617101157,33893926.35,1.261530592781264,10.992042049508882,1.6447368421052655,-0.1117492447464729,-0.5147388760934346,,,2026-09-09,0.0,1.6447368421052655,1.6447368421052655,2026-09-09,2026-09-09T20:00:00+00:00,2026-09-10T04:00:00+08:00,2026-09-10T05:00:00+08:00,2026-09-10T08:30:00+08:00,2026-09-09,1.0,4.5,False,ok,0.3655002526455897,0.3655002526455897,-0.636114088937989,-0.636114088937989,-0.48426479836394254,-0.48426479836394254,-0.1406844000352958,-0.1406844000352958,0.6990822432745514,0.6990822432745514,2481.TW,True,-1.141173780895799,-0.9496651966175108,,
2026-09-11,1.6447368421052655,-0.9615384615384581,8.041958041958042,3.966070238025714,5.825242718446602,1.261530592781264,-0.5147388760934346,-0.0180897502252253,-0.1406844000352958,0.6990822432745514,2026-09-11,150.0,157.0,149.0,151.0,27000650,153.4,147.45,157.89166666666668,51.072404772258,2.526066496818231,1.784802412402791,0.7412640844154401,163.91655302184228,147.45,130.9834469781577,34427597.75,0.784273424944382,10.593103109574365,-2.9126213592233,0.5434767453688316,-1.6097760087677493,,,2026-09-10,-2.265372168284785,-0.6622516556291425,-2.9126213592232997,2026-09-10,2026-09-10T20:00:00+00:00,2026-09-11T04:00:00+08:00,2026-09-11T05:00:00+08:00,2026-09-11T08:30:00+08:00,2026-09-10,1.0,4.5,False,ok,-2.6581332352022535,-2.6581332352022535,-0.6537040302163954,-0.6537040302163954,-0.5848292742657635,-0.5848292742657635,-1.141173780895799,-1.141173780895799,-0.9496651966175107,-0.9496651966175107,2481.TW,True,8.50791132462254,6.13613970203668,,
2026-09-14,-2.9126213592232997,-3.8461538461538436,8.695652173913038,3.937451844003235,5.333333333333334,0.784273424944382,-1.6097760087677493,-0.1117492447464729,-1.141173780895799,-0.9496651966175108,2026-09-14,159.0,164.0,146.0,148.0,60526524,153.6,148.175,157.60833333333332,57.117055699044144,2.9611899231296093,2.020079914548155,0.9411100085814544,165.356002360321,148.175,130.99399763967904,36321473.75,1.6664115673445106,11.580689361631118,6.000000000000005,0.1302375138906075,-0.6979172181896032,,,2026-09-11,-1.3333333333333308,7.432432432432434,6.000000000000005,2026-09-11,2026-09-11T20:00:00+00:00,2026-09-12T04:00:00+08:00,2026-09-12T05:00:00+08:00,2026-09-14T08:30:00+08:00,2026-09-11,1.0,52.5,False,ok,1.80667305142308,1.80667305142308,0.9635804410131898,0.9635804410131898,0.8598836028398171,0.8598836028398171,8.50791132462254,8.50791132462254,6.13613970203668,6.13613970203668,2481.TW,True,-5.897029025166978,-7.256850086873101,,
2026-09-15,6.000000000000005,0.6329113924050667,10.034602076124566,4.019910010329941,11.320754716981133,1.6664115673445106,-0.6979172181896032,0.5434767453688316,8.50791132462254,6.13613970203668,2026-09-15,153.5,163.5,152.0,158.0,58268363,153.8,148.875,156.94166666666666,52.822290295586285,2.8296063976113714,2.1819852111607982,0.6476211864505732,165.7050326797096,148.875,132.0449673202904,37142388.65,1.568783406718243,11.569930780080302,-3.459119496855345,0.4665917444771184,-0.7653989654031412,,,2026-09-14,-0.6289308176100628,-2.848101265822789,-3.459119496855345,2026-09-14,2026-09-14T20:00:00+00:00,2026-09-15T04:00:00+08:00,2026-09-15T05:00:00+08:00,2026-09-15T08:30:00+08:00,2026-09-14,1.0,4.5,False,ok,-5.858590380264717,-5.858590380264717,-0.5568248537587528,-0.5568248537587528,-0.48321923388043864,-0.48321923388043864,-5.897029025166978,-5.897029025166978,-7.256850086873101,-7.256850086873101,2481.TW,True,-5.897029025166978,-7.256850086873101,,
2026-09-04,1.0948920364063364,-0.5386003792130722,3.745319698040128,3.77027891906853,6.137184115523475,1.4270588051059527,-0.6651369315447186,-0.0410265349467753,-0.4267105044421182,3.307465914210028,2026-09-04,278.03515625,279.5140666555851,264.231992464539,277.0492159796099,873160,272.908251953125,271.3060989379883,303.61207326253253,52.1999579530099,-1.180548998910126,-3.71604301402039,2.535494015110264,285.8291157152475,271.3060989379883,256.78308216072907,940465.55,0.9284337953686872,15.401744936355264,1.805060364042532,-0.0970802227241995,1.5122200906831251,,,2026-09-03,1.4440495116877727,0.3558718861210064,1.8050603640425322,2026-09-03,2026-09-03T20:00:00+00:00,2026-09-04T04:00:00+08:00,2026-09-04T05:00:00+08:00,2026-09-04T08:30:00+08:00,2026-09-03,1.0,4.5,False,ok,0.11358672586370133,0.11358672586370133,1.396875590614055,1.396875590614055,1.057963924661287,1.057963924661287,1.8109002686002684,1.8109002686002684,-0.5227089151055297,-0.5227089151055297,3675.TWO,True,0.9911686522946715,4.43349558683217,,
2026-09-07,1.8050603640425322,1.6216237921589327,6.214697959857007,3.780576417852639,5.496453900709217,0.9284337953686873,1.5122200906831251,0.1616444133621719,1.8109002686002684,-0.5227089151055297,2026-09-07,278.03515625,285.9226784131206,275.5703055740248,279.5140666555851,988002,274.78154296875,271.3800445556641,303.1355356852213,52.1999579530099,-0.5804027693262128,-3.088914965081555,2.5085121957553422,286.03012024162103,271.3800445556641,256.72996886970714,934361.55,1.0574086658424675,14.728495323387332,0.0,-0.2347342124136675,1.6651381893682204,,,2026-09-04,0.5319148936170137,-0.5291005291005346,0.0,2026-09-04,2026-09-04T20:00:00+00:00,2026-09-05T04:00:00+08:00,2026-09-05T05:00:00+08:00,2026-09-07T08:30:00+08:00,2026-09-04,1.0,52.5,False,ok,3.3749603534097172,3.3749603534097172,-0.28991174002219733,-0.28991174002219733,-0.37572216084515997,-0.37572216084515997,0.9911686522946717,0.9911686522946717,4.43349558683217,4.43349558683217,3675.TWO,True,0.9911686522946715,4.43349558683217,,
2026-09-08,0.0,3.486247202324111,0.5347600664077579,3.570443648690976,3.7234042553191613,1.0574086658424675,1.6651381893682204,-0.0970802227241995,0.9911686522946715,4.43349558683217,2026-09-08,270.1476135253906,282.9648360649164,270.1476135253906,281.48592577189424,698159,273.8941955566406,271.45399017333983,302.4125127156576,48.4912583821436,-0.732794142762657,-2.6176908006177757,1.8848966578551185,286.06131027650343,271.45399017333983,256.84667007017623,938593.15,0.7438356011867335,14.473658952205795,-2.836886827907892,-0.3671620448905233,-0.4658898396891597,,,2026-09-07,1.241127046103263,-4.0280210157618175,-2.836886827907892,2026-09-04,2026-09-04T20:00:00+00:00,2026-09-05T04:00:00+08:00,2026-09-05T05:00:00+08:00,2026-09-08T08:30:00+08:00,2026-09-07,0.0,76.5,True,ok,3.3749603534097172,0.0,-0.28991174002219733,0.0,-0.37572216084515997,0.0,0.9911686522946717,0.0,4.43349558683217,0.0,3675.TWO,True,-4.436670535385956,-1.037735411977092,,
2026-09-09,-2.836886827907892,-1.6158011376392278,0.5504594867451695,3.5697881188903553,4.744525547445244,0.7438356011867335,-0.4658898396891597,-0.2347342124136675,0.9911686522946715,4.43349558683217,2026-09-09,267.6827697753906,274.0913812064773,266.6968295552234,267.6827697753906,327035,273.40122680664064,271.2568023681641,301.61554463704425,47.35889602567192,-1.0404638753096265,-2.3022454155561456,1.2617815402465191,285.96047342386254,271.2568023681641,256.5531313124656,935434.05,0.3496077569551803,13.529777978745544,-0.9124062647950516,-0.0180897502252253,0.1646891802691508,,,2026-09-08,-0.9124062647950515,0.0,-0.9124062647950515,2026-09-08,2026-09-08T20:00:00+00:00,2026-09-09T04:00:00+08:00,2026-09-09T05:00:00+08:00,2026-09-09T08:30:00+08:00,2026-09-08,1.0,4.5,False,ok,1.3004428927046563,1.3004428927046563,-0.32285852663127557,-0.32285852663127557,-0.5840447432778451,-0.5840447432778451,-4.4366705353859555,-4.4366705353859555,-1.037735411977092,-1.037735411977092,3675.TWO,True,-0.1406844000352958,0.6990822432745514,,
2026-09-10,-0.9124062647950515,-0.9124062647950515,-1.4519038929481365,3.5680778001520923,2.762430939226522,0.3496077569551803,0.1646891802691508,-0.3671620448905233,-4.436670535385956,-1.037735411977092,2026-09-10,265.2179260253906,272.6124778662472,265.2179260253906,268.17574676173325,361110,271.8237243652344,270.8131301879883,300.53101043701173,46.197122233605285,-1.4662842341391524,-2.135053179272747,0.6687689451335945,285.69113644095523,270.8131301879883,255.93512393502132,907083.15,0.3981002182655471,12.711747827027017,-0.9208077725989638,-0.1117492447464729,-0.5147388760934346,,,2026-09-09,0.18416463142407746,-1.1029411764705843,-0.9208077725989638,2026-09-09,2026-09-09T20:00:00+00:00,2026-09-10T04:00:00+08:00,2026-09-10T05:00:00+08:00,2026-09-10T08:30:00+08:00,2026-09-09,1.0,4.5,False,ok,0.3655002526455897,0.3655002526455897,-0.636114088937989,-0.636114088937989,-0.48426479836394254,-0.48426479836394254,-0.1406844000352958,-0.1406844000352958,0.6990822432745514,0.6990822432745514,3675.TWO,True,-1.141173780895799,-0.9496651966175108,,
2026-09-11,-0.9208077725989638,-2.888083173326894,-3.2374035036307203,3.566656238584421,2.7881040892193223,0.3981002182655471,-0.5147388760934346,-0.0180897502252253,-0.1406844000352958,0.6990822432745514,2026-09-11,255.3585205078125,262.2601021431588,252.4006998069498,259.3022814422961,544045,267.28839721679685,270.3941055297852,298.7316696166992,41.78188490802778,-2.5696996650045776,-2.221982476419113,-0.3477171885854644,286.5298897923632,270.3941055297852,254.2583212672072,896010.95,0.6071856599520352,12.725811612548858,-3.717473273897121,0.5434767453688316,-1.6097760087677493,,,2026-09-10,-2.23048444415036,-1.520912547528508,-3.7174732738971206,2026-09-10,2026-09-10T20:00:00+00:00,2026-09-11T04:00:00+08:00,2026-09-11T05:00:00+08:00,2026-09-11T08:30:00+08:00,2026-09-10,1.0,4.5,False,ok,-2.6581332352022535,-2.6581332352022535,-0.6537040302163954,-0.6537040302163954,-0.5848292742657635,-0.5848292742657635,-1.141173780895799,-1.141173780895799,-0.9496651966175107,-0.9496651966175107,3675.TWO,True,8.50791132462254,6.13613970203668,,
2026-09-14,-3.7174732738971206,-8.156031793978391,-3.1775705260234655,3.5634556865877585,3.8610038610038706,0.6071856599520352,-1.6097760087677493,-0.1117492447464729,-1.141173780895799,-0.9496651966175108,2026-09-14,280.5,280.5,252.4007029876977,254.3725834797891,1823993,267.7813659667969,269.9257843017578,296.7515731811524,53.88519788584812,-1.399326499895551,-2.057451281114401,0.6581247812188495,284.10730069722,269.9257843017578,255.7442679062956,940590.0,1.939200927077685,14.775609665849316,9.845561229831112,0.1302375138906075,-0.6979172181896032,,,2026-09-11,-0.3860991307682693,10.27131782945736,9.845561229831112,2026-09-11,2026-09-11T20:00:00+00:00,2026-09-12T04:00:00+08:00,2026-09-12T05:00:00+08:00,2026-09-14T08:30:00+08:00,2026-09-11,1.0,52.5,False,ok,1.80667305142308,1.80667305142308,0.9635804410131898,0.9635804410131898,0.8598836028398171,0.8598836028398171,8.50791132462254,8.50791132462254,6.13613970203668,6.13613970203668,3675.TWO,True,-5.897029025166978,-7.256850086873101,,
2026-09-15,9.845561229831112,0.8865223316520732,-3.2312899207788126,3.5544561599745,10.017574692442883,1.9392009270776853,-0.6979172181896032,0.5434767453688316,8.50791132462254,6.13613970203668,2026-09-15,269.0,291.5,269.0,288.0,1995202,267.5518432617188,269.86840362548827,293.9143005371094,48.87950066462704,-1.3837996440420852,-1.9227209536999377,0.5389213096578525,284.0554266215696,269.86840362548827,255.68138062940693,926839.5,2.1526941827576405,15.805528377069407,-4.099821746880572,0.4665917444771184,-0.7653989654031412,,,2026-09-14,2.673796791443861,-6.597222222222221,-4.099821746880572,2026-09-14,2026-09-14T20:00:00+00:00,2026-09-15T04:00:00+08:00,2026-09-15T05:00:00+08:00,2026-09-15T08:30:00+08:00,2026-09-14,1.0,4.5,False,ok,-5.858590380264717,-5.858590380264717,-0.5568248537587528,-0.5568248537587528,-0.48321923388043864,-0.48321923388043864,-5.897029025166978,-5.897029025166978,-7.256850086873101,-7.256850086873101,3675.TWO,True,-5.897029025166978,-7.256850086873101,,
2026-09-04,-1.0238907849829393,-2.684563758389258,1.3986013986013957,1.8787358413582531,3.793103448275862,0.7397681364353238,-0.6651369315447186,-0.0410265349467753,-0.4267105044421182,3.307465914210028,2026-09-04,145.0,147.5,143.0,147.5,187205,146.8,146.925,159.4457669576009,45.54615411200126,-1.169492647787024,-1.6392608317363788,0.4697681839493548,152.69493113157353,146.925,141.1550688684265,372287.05,0.502851227298935,5.285050501949106,0.0,-0.0970802227241995,1.5122200906831251,,,2026-09-03,1.724137931034475,-1.6949152542372836,0.0,2026-09-03,2026-09-03T20:00:00+00:00,2026-09-04T04:00:00+08:00,2026-09-04T05:00:00+08:00,2026-09-04T08:30:00+08:00,2026-09-03,1.0,4.5,False,ok,0.11358672586370133,0.11358672586370133,1.396875590614055,1.396875590614055,1.057963924661287,1.057963924661287,1.8109002686002684,1.8109002686002684,-0.5227089151055297,-0.5227089151055297,8255.TWO,True,0.9911686522946715,4.43349558683217,,
2026-09-07,0.0,-4.6052631578947345,2.8368794326241176,1.8463109438329315,3.103448275862069,0.502851227298935,1.5122200906831251,0.1616444133621719,1.8109002686002684,-0.5227089151055297,2026-09-07,143.0,146.5,143.0,146.0,253001,145.9,146.975,159.07928670247395,43.14274102302784,-1.3919040115044083,-1.5897894676899846,0.1978854561855763,152.58021373834885,146.975,141.36978626165114,364977.45,0.6931962508916647,5.047043768355892,-1.379310344827589,-0.2347342124136675,1.6651381893682204,,,2026-09-04,0.6896551724137945,-2.0547945205479423,-1.379310344827589,2026-09-04,2026-09-04T20:00:00+00:00,2026-09-05T04:00:00+08:00,2026-09-05T05:00:00+08:00,2026-09-07T08:30:00+08:00,2026-09-04,1.0,52.5,False,ok,3.3749603534097172,3.3749603534097172,-0.28991174002219733,-0.28991174002219733,-0.37572216084515997,-0.37572216084515997,0.9911686522946717,0.9911686522946717,4.43349558683217,4.43349558683217,8255.TWO,True,0.9911686522946715,4.43349558683217,,
2026-09-08,-1.379310344827589,-3.050847457627115,0.7042253521126751,1.8722604903421378,2.4475524475524475,0.6931962508916647,1.6651381893682204,-0.0970802227241995,0.9911686522946715,4.43349558683217,2026-09-08,139.5,144.5,139.5,144.5,343131,143.8,146.85,158.40895411173503,39.240337485825,-1.829498054171836,-1.6377311849863552,-0.1917668691854808,153.00672503510086,146.85,140.69327496489913,365859.0,0.937877706985478,5.0407712659084405,-2.447552447552448,-0.3671620448905233,-0.4658898396891597,,,2026-09-07,1.0489510489510412,-3.460207612456745,-2.447552447552448,2026-09-04,2026-09-04T20:00:00+00:00,2026-09-05T04:00:00+08:00,2026-09-05T05:00:00+08:00,2026-09-08T08:30:00+08:00,2026-09-07,0.0,76.5,True,ok,3.3749603534097172,0.0,-0.28991174002219733,0.0,-0.37572216084515997,0.0,0.9911686522946717,0.0,4.43349558683217,0.0,8255.TWO,True,-4.436670535385956,-1.037735411977092,0.5898,3.037352447552448
2026-09-09,-2.447552447552448,-6.999999999999995,-1.7605633802816878,1.954020417331474,3.584229390681003,0.937877706985478,-0.4658898396891597,-0.2347342124136675,0.9911686522946715,4.43349558683217,2026-09-09,138.5,141.0,137.5,139.5,370120,142.2,146.375,157.84471435546874,38.17778162502623,-2.2312654886927703,-1.7564380457276385,-0.474827442965132,153.54125865831236,146.375,139.20874134168764,358448.6,1.032560874836727,4.835335097120649,-0.7168458781361964,-0.0180897502252253,0.1646891802691508,,,2026-09-08,0.0,-0.7168458781361964,-0.7168458781361964,2026-09-08,2026-09-08T20:00:00+00:00,2026-09-09T04:00:00+08:00,2026-09-09T05:00:00+08:00,2026-09-09T08:30:00+08:00,2026-09-08,1.0,4.5,False,ok,1.3004428927046563,1.3004428927046563,-0.32285852663127557,-0.32285852663127557,-0.5840447432778451,-0.5840447432778451,-4.4366705353859555,-4.4366705353859555,-1.037735411977092,-1.037735411977092,8255.TWO,True,-0.1406844000352958,0.6990822432745514,0.4665,1.1833458781361963
2026-09-10,-0.7168458781361964,-5.460750853242324,-6.418918918918914,1.6746683742124069,2.527075812274368,1.032560874836727,0.1646891802691508,-0.3671620448905233,-4.436670535385956,-1.037735411977092,2026-09-10,137.0,138.5,136.0,138.0,233058,140.6,145.625,157.22273864746094,36.57780859276531,-2.640271136950588,-1.9332046639722285,-0.7070664729783596,153.4242914657911,145.625,137.8257085342089,324389.1,0.7184520071728675,4.523957084171229,-1.0830324909747335,-0.1117492447464729,-0.5147388760934346,,,2026-09-09,-0.3610108303249149,-0.7246376811594235,-1.0830324909747335,2026-09-09,2026-09-09T20:00:00+00:00,2026-09-10T04:00:00+08:00,2026-09-10T05:00:00+08:00,2026-09-10T08:30:00+08:00,2026-09-09,1.0,4.5,False,ok,0.3655002526455897,0.3655002526455897,-0.636114088937989,-0.636114088937989,-0.48426479836394254,-0.48426479836394254,-0.1406844000352958,-0.1406844000352958,0.6990822432745514,0.6990822432745514,8255.TWO,True,-1.141173780895799,-0.9496651966175108,,
2026-09-11,-1.0830324909747335,-5.517241379310345,-9.868421052631582,1.5223104422600857,1.824817518248175,0.7184520071728675,-0.5147388760934346,-0.0180897502252253,-0.1406844000352958,0.6990822432745514,2026-09-11,133.5,135.5,132.5,135.5,318377,138.3,144.85,156.25599060058593,33.09285007048723,-3.209830876902401,-2.188529906558263,-1.0213009703441385,154.1694759283388,144.85,135.53052407166118,318600.9,0.99929723990108,4.520762806281732,-2.554744525547448,0.5434767453688316,-1.6097760087677493,,,2026-09-10,-1.0948905109489093,-1.4760147601476037,-2.5547445255474477,2026-09-10,2026-09-10T20:00:00+00:00,2026-09-11T04:00:00+08:00,2026-09-11T05:00:00+08:00,2026-09-11T08:30:00+08:00,2026-09-10,1.0,4.5,False,ok,-2.6581332352022535,-2.6581332352022535,-0.6537040302163954,-0.6537040302163954,-0.5848292742657635,-0.5848292742657635,-1.141173780895799,-1.141173780895799,-0.9496651966175107,-0.9496651966175107,8255.TWO,True,8.50791132462254,6.13613970203668,,
2026-09-14,-2.5547445255474477,-7.931034482758625,-10.402684563758392,1.5569240759092853,2.247191011235955,0.9992972399010799,-1.6097760087677493,-0.1117492447464729,-1.141173780895799,-0.9496651966175108,2026-09-14,133.5,136.0,132.5,134.0,187210,136.4,144.075,154.9700678507487,33.09285007048723,-3.619487871144969,-2.474721499475604,-1.1447663716693648,154.45856494911885,144.075,133.69143505088113,313106.6,0.597911382257672,4.384661098777501,0.0,0.1302375138906075,-0.6979172181896032,,,2026-09-11,0.3745318352059934,-0.3731343283582045,0.0,2026-09-11,2026-09-11T20:00:00+00:00,2026-09-12T04:00:00+08:00,2026-09-12T05:00:00+08:00,2026-09-14T08:30:00+08:00,2026-09-11,1.0,52.5,False,ok,1.80667305142308,1.80667305142308,0.9635804410131898,0.9635804410131898,0.8598836028398171,0.8598836028398171,8.50791132462254,8.50791132462254,6.13613970203668,6.13613970203668,8255.TWO,True,-5.897029025166978,-7.256850086873101,,
2026-09-15,0.0,-6.643356643356646,-10.402684563758392,1.5569240759092853,2.6217228464419478,0.597911382257672,-0.6979172181896032,0.5434767453688316,8.50791132462254,6.13613970203668,2026-09-15,132.5,135.0,132.0,132.5,166150,135.0,143.375,153.91299743652343,32.08006680456394,-3.9789685604102942,-2.775570911662542,-1.2033976487477522,154.8955765572068,143.375,131.8544234427932,300853.75,0.5522616886111608,4.200039618940501,-0.7490636704119868,0.4665917444771184,-0.7653989654031412,,,2026-09-14,-0.7490636704119868,0.0,-0.7490636704119868,2026-09-14,2026-09-14T20:00:00+00:00,2026-09-15T04:00:00+08:00,2026-09-15T05:00:00+08:00,2026-09-15T08:30:00+08:00,2026-09-14,1.0,4.5,False,ok,-5.858590380264717,-5.858590380264717,-0.5568248537587528,-0.5568248537587528,-0.48321923388043864,-0.48321923388043864,-5.897029025166978,-5.897029025166978,-7.256850086873101,-7.256850086873101,8255.TWO,True,-5.897029025166978,-7.256850086873101,,
2026-09-04,-2.259887005649719,-6.486486486486487,-7.238605898123329,4.450506691016781,6.6473988439306355,0.5620858728692155,-0.6651369315447186,-0.0410265349467753,-0.4267105044421182,3.307465914210028,2026-09-04,180.5,185.5,174.5,178.5,3466931,178.2,183.05,222.4344108581543,45.09475866532616,-7.908184956177649,-9.529060195117992,1.620875238940343,196.4385261167548,183.05,169.6614738832452,6140927.6,0.564561451595684,11.452906855370603,4.335260115606943,-0.0970802227241995,1.5122200906831251,,,2026-09-03,3.1791907514450823,1.1204481792717047,4.335260115606943,2026-09-03,2026-09-03T20:00:00+00:00,2026-09-04T04:00:00+08:00,2026-09-04T05:00:00+08:00,2026-09-04T08:30:00+08:00,2026-09-03,1.0,4.5,False,ok,0.11358672586370133,0.11358672586370133,1.396875590614055,1.396875590614055,1.057963924661287,1.057963924661287,1.8109002686002684,1.8109002686002684,-0.5227089151055297,-0.5227089151055297,8261.TW,True,0.9911686522946715,4.43349558683217,,
2026-09-07,4.335260115606943,-3.733333333333333,4.941860465116288,4.193683342246482,6.094182825484765,0.564561451595684,1.5122200906831251,0.1616444133621719,1.8109002686002684,-0.5227089151055297,2026-09-07,181.0,186.5,180.0,183.5,3098833,178.7,183.15,222.60095774332683,45.39474363831,-7.317174170330759,-9.086682990160549,1.769508819829788,196.44067738165504,183.15,169.85932261834498,6045093.1,0.5126195657764147,10.792519274654524,0.2770083102493048,-0.2347342124136675,1.6651381893682204,,,2026-09-04,1.6620498614958512,-1.3623978201634857,0.27700831024930483,2026-09-04,2026-09-04T20:00:00+00:00,2026-09-05T04:00:00+08:00,2026-09-05T05:00:00+08:00,2026-09-07T08:30:00+08:00,2026-09-04,1.0,52.5,False,ok,3.3749603534097172,3.3749603534097172,-0.28991174002219733,-0.28991174002219733,-0.37572216084515997,-0.37572216084515997,0.9911686522946717,0.9911686522946717,4.43349558683217,4.43349558683217,8261.TW,True,0.9911686522946715,4.43349558683217,,
2026-09-08,0.27700831024930483,1.4005602240896309,1.1173184357541999,4.100120956255454,3.591160220994475,0.5126195657764147,1.6651381893682204,-0.0970802227241995,0.9911686522946715,4.43349558683217,2026-09-08,170.5,180.0,170.5,179.5,4032447,176.4,182.475,222.38716456095375,40.40247810231322,-7.608351769221855,-8.791016745972808,1.182664976750953,196.90623440028148,182.475,168.0437655997185,5875749.9,0.6862863581038396,10.753516704700589,-5.8011049723756924,-0.3671620448905233,-0.4658898396891597,,,2026-09-07,-0.8287292817679592,-5.013927576601674,-5.8011049723756924,2026-09-04,2026-09-04T20:00:00+00:00,2026-09-05T04:00:00+08:00,2026-09-05T05:00:00+08:00,2026-09-08T08:30:00+08:00,2026-09-07,0.0,76.5,True,ok,3.3749603534097172,0.0,-0.28991174002219733,0.0,-0.37572216084515997,0.0,0.9911686522946717,0.0,4.43349558683217,0.0,8261.TW,True,-4.436670535385956,-1.037735411977092,-0.5633,5.2378049723756925
2026-09-09,-5.8011049723756924,-6.318681318681318,-7.336956521739135,4.254314572563854,5.571847507331378,0.6862863581038396,-0.4658898396891597,-0.2347342124136675,0.9911686522946715,4.43349558683217,2026-09-09,170.5,173.5,169.0,170.5,1656374,175.1,181.8,222.30478897094727,40.40247810231322,-7.749777503176745,-8.582768897413596,0.832991394236851,197.16366184421005,181.8,166.43633815578997,5720584.95,0.289546263970785,9.919714477407176,0.0,-0.0180897502252253,0.1646891802691508,,,2026-09-08,0.0,0.0,0.0,2026-09-08,2026-09-08T20:00:00+00:00,2026-09-09T04:00:00+08:00,2026-09-09T05:00:00+08:00,2026-09-09T08:30:00+08:00,2026-09-08,1.0,4.5,False,ok,1.3004428927046563,1.3004428927046563,-0.32285852663127557,-0.32285852663127557,-0.5840447432778451,-0.5840447432778451,-4.4366705353859555,-4.4366705353859555,-1.037735411977092,-1.037735411977092,8261.TW,True,-0.1406844000352958,0.6990822432745514,-0.5689,0.5689
2026-09-10,0.0,-3.672316384180796,-7.336956521739135,4.254314572563854,2.6392961876832843,0.28954626397078503,0.1646891802691508,-0.3671620448905233,-4.436670535385956,-1.037735411977092,2026-09-10,168.0,170.5,166.0,168.0,1984518,174.1,180.1,221.89327087402344,39.21170793692295,-7.971694787578116,-8.4605540754465,0.4888592878683848,193.44403079638283,180.1,166.75596920361716,5274729.05,0.3762312682203079,9.197085880419552,-1.4662756598240456,-0.1117492447464729,-0.5147388760934346,,,2026-09-09,-1.4662756598240456,0.0,-1.4662756598240456,2026-09-09,2026-09-09T20:00:00+00:00,2026-09-10T04:00:00+08:00,2026-09-10T05:00:00+08:00,2026-09-10T08:30:00+08:00,2026-09-09,1.0,4.5,False,ok,0.3655002526455897,0.3655002526455897,-0.636114088937989,-0.636114088937989,-0.48426479836394254,-0.48426479836394254,-0.1406844000352958,-0.1406844000352958,0.6990822432745514,0.6990822432745514,8261.TW,True,-1.141173780895799,-0.9496651966175108,,
2026-09-11,-1.4662756598240456,-2.8901734104046284,-16.831683168316836,3.534606443799507,2.6785714285714284,0.37623126822030795,-0.5147388760934346,-0.0180897502252253,-0.1406844000352958,0.6990822432745514,2026-09-11,162.0,166.0,162.0,164.5,1611217,170.4,178.95,221.0614222208659,36.4361615770472,-8.533348559829022,-8.475112972323005,-0.0582355875060169,194.32564718364287,178.95,163.5743528163571,4757931.1,0.3386381530409299,8.770807763030279,-3.57142857142857,0.5434767453688316,-1.6097760087677493,,,2026-09-10,-2.083333333333337,-1.5197568389057725,-3.57142857142857,2026-09-10,2026-09-10T20:00:00+00:00,2026-09-11T04:00:00+08:00,2026-09-11T05:00:00+08:00,2026-09-11T08:30:00+08:00,2026-09-10,1.0,4.5,False,ok,-2.6581332352022535,-2.6581332352022535,-0.6537040302163954,-0.6537040302163954,-0.5848292742657635,-0.5848292742657635,-1.141173780895799,-1.141173780895799,-0.9496651966175107,-0.9496651966175107,8261.TW,True,8.50791132462254,6.13613970203668,,
2026-09-14,-3.57142857142857,-10.24930747922438,-12.432432432432428,3.132483800845809,2.4691358024691357,0.3386381530409299,-1.6097760087677493,-0.1117492447464729,-1.141173780895799,-0.9496651966175108,2026-09-14,166.5,170.5,158.0,158.0,2663600,167.5,177.5,219.95138880411784,39.87366699343158,-8.517170192677128,-8.48352441639383,-0.0336457762832971,191.73117408331265,177.5,163.26882591668738,4519638.9,0.5893391173352366,9.268033394626242,2.777777777777768,0.1302375138906075,-0.6979172181896032,,,2026-09-11,-2.4691358024691357,5.379746835443044,2.777777777777768,2026-09-11,2026-09-11T20:00:00+00:00,2026-09-12T04:00:00+08:00,2026-09-12T05:00:00+08:00,2026-09-14T08:30:00+08:00,2026-09-11,1.0,52.5,False,ok,1.80667305142308,1.80667305142308,0.9635804410131898,0.9635804410131898,0.8598836028398171,0.8598836028398171,8.50791132462254,8.50791132462254,6.13613970203668,6.13613970203668,8261.TW,True,-5.897029025166978,-7.256850086873101,,
2026-09-15,2.777777777777768,-8.011049723756901,-14.83375959079284,2.8832986259442657,7.5075075075075075,0.5893391173352366,-0.6979172181896032,0.5434767453688316,8.50791132462254,6.13613970203668,2026-09-15,165.0,172.0,164.5,166.5,1830266,166.4,176.425,218.43031590779623,39.11433335842985,-8.527091184878032,-8.492237770090671,-0.03485341478736,191.03672924670528,176.425,161.81327075329474,3963380.9,0.46179412127661,9.032295608676076,-0.9009009009009028,0.4665917444771184,-0.7653989654031412,,,2026-09-14,0.0,-0.9009009009009028,-0.9009009009009028,2026-09-14,2026-09-14T20:00:00+00:00,2026-09-15T04:00:00+08:00,2026-09-15T05:00:00+08:00,2026-09-15T08:30:00+08:00,2026-09-14,1.0,4.5,False,ok,-5.858590380264717,-5.858590380264717,-0.5568248537587528,-0.5568248537587528,-0.48321923388043864,-0.48321923388043864,-5.897029025166978,-5.897029025166978,-7.256850086873101,-7.256850086873101,8261.TW,True,-5.897029025166978,-7.256850086873101,,
