date,method,n,accuracy,mae,mae_zero,good
2024-04-19,ridge_full,10,0.5,2.791167740604997,2.8027031053670104,False
2024-04-22,ridge_full,10,0.6,2.821752593596951,2.7931688209704633,False
2024-04-23,ridge_full,10,0.3,1.2279546967264185,0.9155344699598944,False
2024-04-24,ridge_full,10,0.4,4.061340588568998,3.9017652503177147,False
2024-04-25,ridge_full,10,0.5,1.394400972010213,1.4356719493764691,False
2024-04-26,ridge_full,10,0.5,0.9517797301893427,0.8533821207130753,False
2024-04-29,ridge_full,10,0.6,2.337009308364226,2.395719437223718,False
2024-04-30,ridge_full,10,0.7,0.7890609483555245,0.98248833142625,True
2024-05-02,ridge_full,10,0.5,1.0972542941034995,1.1309031441555917,False
2024-05-03,ridge_full,10,0.6,2.0549560145878973,2.1875554549908007,False
2024-05-06,ridge_full,10,0.3,1.4047511936992316,1.0874003100362828,False
2024-05-07,ridge_full,10,0.3,1.0175183142247388,0.8482515121118638,False
2024-05-08,ridge_full,10,0.7,0.6381222889225322,0.697587827184456,True
2024-05-09,ridge_full,10,0.7,1.006076616417583,1.2550739248576934,False
2024-05-10,ridge_full,10,0.4,1.0423838344233554,0.8603953378449403,False
2024-05-13,ridge_full,10,0.6,0.8097458116321743,0.815957414678129,False
2024-05-14,ridge_full,10,0.5,0.6402470372137499,0.6327851130313555,False
2024-05-15,ridge_full,10,0.4,0.882458109228876,0.7540952137424173,False
2024-05-16,ridge_full,10,0.4,1.1374925543703953,1.0498484673092823,False
2024-05-17,ridge_full,10,0.5,0.7331014420465225,0.7195412040542204,False
2024-05-20,ridge_full,10,0.8,0.6696878679748831,0.9887616754916506,True
2024-05-21,ridge_full,10,0.3,0.5713378679726435,0.46066880963158363,False
2024-05-22,ridge_full,10,0.3,1.3973933552100593,1.1040384241853727,False
2024-05-23,ridge_full,10,0.6,0.8726493967743375,0.9808110625051902,False
2024-05-24,ridge_full,10,0.5,2.19803165408594,2.273954650033272,False
2024-05-27,ridge_full,10,0.2,2.802044193526889,2.5229383587174032,False
2024-05-28,ridge_full,10,0.2,1.407838804983991,1.1733972692873318,False
2024-05-29,ridge_full,10,0.5,0.7654948065850047,0.8130223061407381,False
2024-05-30,ridge_full,10,0.6,1.7209482645820398,1.61421533566533,False
2024-05-31,ridge_full,10,0.5,0.8973318248602575,0.9466645670987095,False
2024-06-03,ridge_full,10,0.9,0.7369359038996481,0.9561139225898196,True
2024-06-04,ridge_full,10,0.5,0.8463520557990997,0.9008168272645634,False
2024-06-05,ridge_full,10,0.4,1.087609810103578,1.0358959103419174,False
2024-06-06,ridge_full,10,0.8,1.787460005875054,1.8052590995610753,False
2024-06-07,ridge_full,10,0.7,1.8456898405484217,2.028540775901333,False
2024-06-11,ridge_full,10,0.6,1.5410187437402343,1.5087328709663972,False
2024-06-12,ridge_full,10,0.6,0.6647899425025912,0.7135149827479836,False
2024-06-13,ridge_full,10,0.8,1.1515307656600355,1.2563565010350641,False
2024-06-14,ridge_full,10,0.4,2.2894534382124374,2.20372708605406,False
2024-06-17,ridge_full,10,0.6,2.374181964679919,2.449672239131927,False
2024-06-18,ridge_full,10,0.5,1.2850878872296314,1.213540747246894,False
2024-06-19,ridge_full,10,0.5,1.8834763674256336,1.7880250179811241,False
2024-06-20,ridge_full,10,0.6,0.9748077995129784,1.0523484114144321,False
2024-06-21,ridge_full,10,0.6,2.3355714057329786,2.3297282584696077,False
2024-06-24,ridge_full,10,0.5,1.5434678317053578,1.5166710108754466,False
2024-06-25,ridge_full,10,0.4,1.296728864008716,1.089461809245057,False
2024-06-26,ridge_full,10,0.7,0.684976690757111,0.680655294045196,False
2024-06-27,ridge_full,10,0.2,1.3110469425679292,1.2142032206492648,False
2024-06-28,ridge_full,10,0.4,2.515234010310271,2.5261697011620976,False
2024-07-01,ridge_full,10,0.5,2.6663534424455158,2.5114757246533137,False
2024-07-02,ridge_full,10,0.4,1.127639094193293,1.069695401234858,False
2024-07-03,ridge_full,10,0.5,2.6997246158803128,2.7195340409411726,False
2024-07-04,ridge_full,10,0.4,1.8345461576573605,1.600625926581667,False
2024-07-05,ridge_full,10,0.3,1.2279684735989367,1.0193490061679211,False
2024-07-08,ridge_full,10,0.6,1.587191727929078,1.6176041627406632,False
2024-07-09,ridge_full,10,0.2,2.068877225587396,1.7331280708068164,False
2024-07-10,ridge_full,10,0.6,1.660097242053999,1.4617391620727582,False
2024-07-11,ridge_full,10,0.5,2.2614726221703023,2.2932823318143893,False
2024-07-12,ridge_full,10,0.4,1.3578080987207808,1.4502028360444108,False
2024-07-15,ridge_full,10,0.8,1.6643589867641535,1.9852238915463238,False
2024-07-16,ridge_full,10,0.7,1.5355404342322785,1.5900102338265965,False
2024-07-17,ridge_full,10,0.7,0.8577662761333673,0.8850833474496256,True
2024-07-18,ridge_full,10,0.8,1.4037974267243087,1.583977365390772,False
2024-07-19,ridge_full,10,0.7,2.857237896222825,3.059061815752765,False
2024-07-22,ridge_full,10,0.4,3.565332754194242,3.477807363643811,False
2024-07-23,ridge_full,10,0.3,1.1893913779518506,0.869672744028751,False
2024-07-26,ridge_full,10,0.2,3.547312737680568,2.7811207201176016,False
2024-07-29,ridge_full,10,0.8,1.983517865909329,2.4597545445362488,False
2024-07-30,ridge_full,10,0.5,1.8773468472281596,1.848030475614356,False
2024-07-31,ridge_full,10,0.4,2.025158063287583,1.8041904375511741,False
2024-08-01,ridge_full,10,0.6,2.2754597955340374,2.2900342138856455,False
2024-08-02,ridge_full,10,0.1,3.9714813885675104,3.424719833724427,False
2024-08-05,ridge_full,10,0.7,8.96251755062472,9.487381687173785,False
2024-08-06,ridge_full,10,0.6,3.338248479623565,1.7674384207912364,False
2024-08-07,ridge_full,10,0.6,5.575066121421157,5.611119914373835,False
2024-08-08,ridge_full,10,0.3,2.9276452672654814,1.6196040763010722,False
2024-08-09,ridge_full,10,0.3,2.780103603105156,2.3170072256554786,False
2024-08-12,ridge_full,10,0.9,1.0420471911674851,1.4863127070682758,False
2024-08-13,ridge_full,10,0.4,1.3321637431860065,0.9262838248576599,False
2024-08-14,ridge_full,10,0.5,1.2245305316128987,0.8458789729072747,False
2024-08-15,ridge_full,10,0.7,0.5396009088500332,0.5598515026287875,True
2024-08-16,ridge_full,10,0.4,1.5707517407611207,1.3522670784388124,False
2024-08-19,ridge_full,10,0.8,0.5391900606156474,0.8357210750129784,True
2024-08-20,ridge_full,10,0.5,1.0243819761225033,0.9862447312490552,False
2024-08-21,ridge_full,10,0.4,1.0152859269593293,0.9838276981561677,False
2024-08-22,ridge_full,10,0.2,2.035326663784368,1.6002418129577567,False
2024-08-23,ridge_full,10,0.5,0.804713956955126,0.8187330645095914,False
2024-08-26,ridge_full,10,0.4,1.1640937130042674,0.9571567924872459,False
2024-08-27,ridge_full,10,0.6,0.6559410555364057,0.6965879124475172,False
2024-08-28,ridge_full,10,0.6,0.6337638448466357,0.6346139801070039,False
2024-08-29,ridge_full,10,0.9,0.627832026369496,0.8139372565331993,True
2024-08-30,ridge_full,10,0.2,0.9972716390418105,0.7749409655083206,False
2024-09-02,ridge_full,10,0.4,0.7924532721087555,0.7653132588440469,False
2024-09-03,ridge_full,10,0.6,1.5593213687662921,1.5373240212887829,False
2024-09-04,ridge_full,10,0.7,4.581438620994454,4.742438303723334,False
2024-09-05,ridge_full,10,0.6,1.4601082370280731,1.5136915247424334,False
2024-09-06,ridge_full,10,0.5,1.2388918772365234,1.1279003476434624,False
2024-09-09,ridge_full,10,0.4,1.3277962996304171,1.1685943861222403,False
2024-09-10,ridge_full,10,0.3,1.9024773934295491,1.8885184737535177,False
2024-09-11,ridge_full,10,0.5,0.9495582401117826,0.9839106375439254,False
2024-09-12,ridge_full,10,0.5,2.3332761553993047,2.359814233649995,False
2024-09-13,ridge_full,10,0.6,1.0588030005797642,0.8828923506820063,False
2024-09-16,ridge_full,10,0.6,1.2604913233086728,1.3429165177350932,False
2024-09-18,ridge_full,10,0.0,1.9838217591165777,1.7094418686887516,False
2024-09-19,ridge_full,10,0.6,1.605610650424964,1.555977457868516,False
2024-09-20,ridge_full,10,0.3,1.0953322157365535,0.8592383796889136,False
2024-09-23,ridge_full,10,0.4,3.329610242822755,3.416308029943931,False
2024-09-24,ridge_full,10,0.6,1.044157630987948,1.1468696192936056,False
2024-09-25,ridge_full,10,0.7,1.5008691733976618,1.5237158290185127,False
2024-09-26,ridge_full,10,0.5,1.4628273883188618,1.3766907515329052,False
2024-09-27,ridge_full,10,0.2,0.9917981860549767,0.9816400067278064,False
2024-09-30,ridge_full,10,0.2,1.4184765917692714,1.3419998891320517,False
2024-10-01,ridge_full,10,0.6,0.6823332189099122,0.6713714377583202,False
2024-10-04,ridge_full,10,0.2,2.0529470480807683,1.8035095696340808,False
2024-10-07,ridge_full,10,0.3,2.0324999819409877,1.894640855846026,False
2024-10-08,ridge_full,10,0.5,1.8933076737501167,1.7927472191951523,False
2024-10-09,ridge_full,10,0.6,1.0376415914173873,1.2458586737431476,False
2024-10-11,ridge_full,10,0.6,1.0528797171791326,1.0891935275508213,False
2024-10-14,ridge_full,10,0.5,1.1413877389379539,1.2415174449633182,False
2024-10-15,ridge_full,10,0.4,1.0829316311128576,1.0585634876694594,False
2024-10-16,ridge_full,10,0.2,2.080097228846069,2.114543161302586,False
2024-10-17,ridge_full,10,0.3,1.0031699857077672,0.826002005734332,False
2024-10-18,ridge_full,10,0.7,1.4928096422646682,1.5652294438681325,False
2024-10-21,ridge_full,10,1.0,1.3684039670666088,1.6677937888185568,False
2024-10-22,ridge_full,10,0.3,0.8171718210310812,0.756097988160187,False
2024-10-23,ridge_full,10,0.6,1.6262682140301539,1.620199637361911,False
2024-10-24,ridge_full,10,0.8,1.2638911627659586,1.5556040761599932,False
2024-10-25,ridge_full,10,0.5,1.3104209300419911,1.3637353463109214,False
2024-10-28,ridge_full,10,0.4,1.9497344647142723,1.8233427004896776,False
2024-10-29,ridge_full,10,0.5,2.6421343835443585,2.5458710927935524,False
2024-10-30,ridge_full,10,0.6,1.7903688528103878,1.819233904208999,False
2024-11-01,ridge_full,10,0.8,0.9500242423914382,1.1881485785728851,True
2024-11-04,ridge_full,10,0.5,1.1883589441658216,1.2096531972935642,False
2024-11-05,ridge_full,10,0.1,1.4553334268996672,1.3427172194599801,False
2024-11-06,ridge_full,10,0.6,1.0614998063817198,0.831191772764891,False
2024-11-07,ridge_full,10,0.8,2.377400230284801,2.5578608805724743,False
2024-11-08,ridge_full,10,0.5,1.8217913209502115,1.9449335277337798,False
2024-11-11,ridge_full,10,0.3,1.2682785514652757,1.1796585216385758,False
2024-11-12,ridge_full,10,0.5,1.9638040415537934,1.982074829897702,False
2024-11-13,ridge_full,10,0.6,0.7617985366722785,0.7139554764680256,False
2024-11-14,ridge_full,10,0.4,1.952210734599933,1.8431523533664407,False
2024-11-15,ridge_full,10,0.4,0.43208861957589306,0.46027129609379597,False
2024-11-18,ridge_full,10,0.3,1.8430279357595272,1.6817843637707264,False
2024-11-19,ridge_full,10,0.5,1.4277819622276386,1.3507727340440634,False
2024-11-20,ridge_full,10,0.0,1.3480370209535253,0.9678099774475257,False
2024-11-21,ridge_full,10,0.4,0.9129375826854405,0.8258153301710823,False
2024-11-22,ridge_full,10,0.4,1.208161655620971,1.2179665732657008,False
2024-11-25,ridge_full,10,0.6,1.0912115649368346,1.104162673885507,False
2024-11-26,ridge_full,10,0.7,0.7881921500628445,0.8495785977466651,True
2024-11-27,ridge_full,10,0.8,2.2419120093711418,2.5338461892128583,False
2024-11-28,ridge_full,10,0.7,0.98925769209362,1.1209934352405981,True
2024-11-29,ridge_full,10,0.5,1.3640919642491596,1.2200065913283153,False
2024-12-02,ridge_full,10,0.5,0.6361458673471126,0.590292665685529,False
2024-12-03,ridge_full,10,0.7,1.2279213934489446,1.38069672469602,False
2024-12-04,ridge_full,10,0.6,3.4264150644427147,3.564113104232696,False
2024-12-05,ridge_full,10,0.1,1.819142414808789,1.2586017560537888,False
2024-12-06,ridge_full,10,0.6,1.389682852569686,1.462394271688393,False
2024-12-09,ridge_full,10,0.4,1.5444337862121218,1.2895284637328042,False
2024-12-10,ridge_full,10,0.5,1.0511767884024064,1.0460279031934516,False
2024-12-11,ridge_full,10,0.2,0.9352429459210061,0.8293485969290348,False
2024-12-12,ridge_full,10,0.4,1.0538355186466377,1.0780823048147248,False
2024-12-13,ridge_full,10,0.4,2.6817857744003266,2.553120648269933,False
2024-12-16,ridge_full,10,0.3,2.36362114945498,2.295085255879452,False
2024-12-17,ridge_full,10,0.6,1.0368543983460383,1.0284656697511751,False
2024-12-18,ridge_full,10,0.5,1.066345716514134,1.0076234096111047,False
2024-12-19,ridge_full,10,0.4,1.1674157000115915,1.0430122355302562,False
2024-12-20,ridge_full,10,0.8,0.8209819440427782,0.9605626177404835,True
2024-12-23,ridge_full,10,0.2,1.749618447835589,1.5285077753521037,False
2024-12-24,ridge_full,10,0.5,1.2393213050248406,1.0738790900708606,False
2024-12-25,ridge_full,10,0.7,0.7825940739170402,0.8382998089695015,True
2024-12-26,ridge_full,10,0.2,1.6070567874926094,1.5421015337734612,False
2024-12-27,ridge_full,10,0.4,1.343993002879189,1.3962824662805995,False
2024-12-30,ridge_full,10,0.6,1.6769917752098955,1.6497711937690618,False
2024-12-31,ridge_full,10,0.7,0.6109631949252107,0.6228459937931929,True
2025-01-02,ridge_full,10,0.7,0.9123096829661259,1.0067953734152701,True
2025-01-03,ridge_full,10,0.4,0.9736475030156655,0.9628132749338514,False
2025-01-06,ridge_full,10,0.7,1.247281020171127,1.4025622339132893,False
2025-01-07,ridge_full,10,0.3,0.9415017578399937,0.632385667656552,False
2025-01-08,ridge_full,10,0.4,1.0785730931198017,0.9988712719502979,False
2025-01-09,ridge_full,10,0.7,3.4685821745658805,3.478734620989133,False
2025-01-10,ridge_full,10,0.7,0.9208087615833035,1.015156993602907,True
2025-01-13,ridge_full,10,0.5,3.0760448615740317,3.1690445594334924,False
2025-01-14,ridge_full,10,0.1,1.938271903794503,1.4801892361630165,False
2025-01-15,ridge_full,10,0.4,1.3145933399681606,1.2507903359543016,False
2025-01-16,ridge_full,10,0.4,1.701337597897561,1.5838578586094165,False
2025-01-17,ridge_full,10,0.4,1.410332641132339,1.404505240620728,False
2025-01-20,ridge_full,10,0.4,1.152575593308045,1.2893179464820181,False
2025-01-21,ridge_full,10,0.4,0.8723205523224571,1.0389593426197286,False
2025-01-22,ridge_full,10,0.7,0.8653983676415642,0.7850787014451621,False
2025-02-03,ridge_full,10,0.4,3.455927133588215,3.4038063607360245,False
2025-02-04,ridge_full,10,0.4,1.4310202441593154,1.570495002244964,False
2025-02-05,ridge_full,10,0.4,3.585552788994543,3.6109762684631797,False
2025-02-06,ridge_full,10,0.6,1.788632838289444,1.8224736027852817,False
2025-02-07,ridge_full,10,0.4,0.9815981761036378,0.7967090203880756,False
2025-02-10,ridge_full,10,0.6,0.8128565454419775,0.7826179762944674,False
2025-02-11,ridge_full,10,0.5,1.0156971923328981,0.8225465039658253,False
2025-02-12,ridge_full,10,0.7,0.45765350417082445,0.7810424793402881,True
2025-02-13,ridge_full,10,0.3,1.9043528961623555,1.7182509721484496,False
2025-02-14,ridge_full,10,0.5,1.170614019675408,1.2119396088743883,False
2025-02-17,ridge_full,10,0.7,0.49123015409340975,0.4474185657858265,False
2025-02-18,ridge_full,10,0.3,0.8514761293318411,0.679002276165126,False
2025-02-19,ridge_full,10,0.4,1.5418698352647253,1.466516219550893,False
2025-02-20,ridge_full,10,0.4,1.1428474738812304,1.1638966533587003,False
2025-02-21,ridge_full,10,0.5,1.2326322656851185,1.2497909561766818,False
2025-02-24,ridge_full,10,0.7,0.7861234837393096,0.8082885877956635,True
2025-02-25,ridge_full,10,0.8,1.028874486529576,1.2281881453561139,False
2025-02-26,ridge_full,10,0.7,1.0169149415525252,1.1054546942822419,False
2025-02-27,ridge_full,10,0.6,1.6145308445542859,1.6270880247831987,False
2025-03-03,ridge_full,10,0.8,2.771049143888084,2.9201436461381194,False
2025-03-04,ridge_full,10,0.2,1.5713238002447756,1.1863717667010532,False
2025-03-05,ridge_full,10,0.2,1.1529280087932174,0.967622429859808,False
2025-03-06,ridge_full,10,0.6,0.8140485645048422,0.8537198224026721,False
2025-03-07,ridge_full,10,0.5,1.321280552170536,1.283286692925527,False
2025-03-10,ridge_full,10,0.3,0.8934424839505917,0.7814627052410206,False
2025-03-11,ridge_full,10,0.6,1.741463231353471,1.7359172703266246,False
2025-03-12,ridge_full,10,0.4,1.959307771699299,1.7527187274338154,False
2025-03-13,ridge_full,10,0.0,2.287186402467891,2.0417083663116884,False
2025-03-14,ridge_full,10,0.1,1.2851338164782942,1.0804742060151729,False
2025-03-17,ridge_full,10,0.5,0.701081681849119,0.7695793812379359,False
2025-03-18,ridge_full,10,0.5,1.0105669727502211,1.052544077008718,False
2025-03-19,ridge_full,10,0.5,1.0075246150333443,0.921341477383173,False
2025-03-20,ridge_full,10,0.1,2.5242706116938245,2.3147769491940484,False
2025-03-21,ridge_full,10,0.4,0.5994913916317145,0.5447916238200656,False
2025-03-24,ridge_full,10,0.6,2.4013513451979214,2.470492823353534,False
2025-03-25,ridge_full,10,0.3,1.2589859496061102,1.069503000527121,False
2025-03-26,ridge_full,10,0.5,0.7274684591378798,0.5728032088653112,False
2025-03-27,ridge_full,10,0.5,1.208699955696229,1.2045381827765589,False
2025-03-28,ridge_full,10,0.6,3.619908534272418,3.720257581939078,False
2025-03-31,ridge_full,10,0.7,5.643446014629575,5.8132499963924245,False
2025-04-01,ridge_full,10,0.2,3.3641566887688255,2.649406331416444,False
2025-04-02,ridge_full,10,0.9,1.3350631753147923,1.7143420991431455,False
2025-04-07,ridge_full,10,0.2,10.222543398419791,9.956844991710222,False
2025-04-08,ridge_full,10,0.9,7.6169440144085145,8.976442975503543,False
2025-04-09,ridge_full,10,0.8,8.525445647120161,9.698443902655638,False
2025-04-10,ridge_full,10,0.0,13.883923197801176,9.901589627853053,False
2025-04-11,ridge_full,10,0.7,2.312965518406026,2.362771060045213,False
2025-04-14,ridge_full,10,1.0,2.2891366396719386,2.441362332505004,False
2025-04-15,ridge_full,10,0.6,5.128542431798949,5.1523259728413136,False
2025-04-16,ridge_full,10,0.1,4.433432383692035,2.822253099669405,False
2025-04-17,ridge_full,10,0.6,1.2342377947202183,1.0905897481540483,False
2025-04-18,ridge_full,10,0.6,1.5926654161905631,1.5223771687534093,False
2025-04-21,ridge_full,10,0.2,3.6508271156537155,2.9373432689224765,False
2025-04-22,ridge_full,10,1.0,1.1411348280128244,1.7994306070558241,False
2025-04-23,ridge_full,10,0.0,4.964986770493821,4.210180658001834,False
2025-04-24,ridge_full,10,0.6,1.540019872692755,1.0260083859600921,False
2025-04-25,ridge_full,10,0.3,2.26304094610392,1.9785511195466163,False
2025-04-28,ridge_full,10,0.8,0.8558027964591239,1.2392571462349156,True
2025-04-29,ridge_full,10,0.8,1.748745158455547,2.133700584450413,False
2025-04-30,ridge_full,10,0.5,1.944243817910739,1.7229133748179237,False
2025-05-02,ridge_full,10,0.3,1.6557965455802246,1.2456248218555033,False
2025-05-05,ridge_full,10,0.0,5.01390196419453,4.14863629692368,False
2025-05-06,ridge_full,10,0.5,1.7370732570838878,1.4058473905201685,False
2025-05-07,ridge_full,10,0.5,2.1514798502569215,1.3316274485193946,False
2025-05-08,ridge_full,10,0.4,2.903533735135218,2.484250166246049,False
2025-05-09,ridge_full,10,0.3,1.5636042835174824,1.1250153916344852,False
2025-05-12,ridge_full,10,0.1,3.737178353839089,3.3724610265627897,False
2025-05-13,ridge_full,10,0.3,1.0512531287918998,0.8325795423723481,False
2025-05-14,ridge_full,10,0.3,1.648981973500782,1.3455449252790932,False
2025-05-15,ridge_full,10,0.6,1.0098417001429714,0.9779536347070849,False
2025-05-16,ridge_full,10,0.3,0.9615940958250603,0.9016534525833919,False
2025-05-19,ridge_full,10,0.8,1.7748092936993882,2.0175801442130217,False
2025-05-20,ridge_full,10,0.6,0.5772310101633799,0.46967893709221614,False
2025-05-21,ridge_full,10,0.2,2.251239581053369,2.0149686953869517,False
2025-05-22,ridge_full,10,0.6,1.4550633729932791,1.4768419351407969,False
2025-05-23,ridge_full,10,0.8,1.0427216120110199,1.1277046056961315,False
2025-05-26,ridge_full,10,0.7,0.7285032330179807,0.7668325990273506,True
2025-05-27,ridge_full,10,0.7,0.7161655656754142,0.8463280872067337,True
2025-05-28,ridge_full,10,0.5,1.5092277215833456,1.5461582199152022,False
2025-05-29,ridge_full,10,0.4,1.2700906098038574,1.2594579412739682,False
2025-06-02,ridge_full,10,0.7,3.4001221337570997,3.4361636799678883,False
2025-06-03,ridge_full,10,0.3,0.9806171587830654,0.8913210485246015,False
2025-06-04,ridge_full,10,0.0,2.4319013744582287,2.1811323841535812,False
2025-06-05,ridge_full,10,0.4,1.0545465491352513,0.9758296171804337,False
2025-06-06,ridge_full,10,0.3,1.2301580238759429,1.161208864499944,False
2025-06-09,ridge_full,10,0.3,1.4693476272329957,1.4072692400573672,False
2025-06-10,ridge_full,10,0.5,1.74652048774101,1.807496631289244,False
2025-06-11,ridge_full,10,0.4,1.3336236162917061,1.1488120207352603,False
2025-06-12,ridge_full,10,0.6,0.9477329336270259,0.9469792738817917,False
2025-06-13,ridge_full,10,0.8,2.2635024518743867,2.4378812107899694,False
2025-06-16,ridge_full,10,0.2,1.1556358952889618,0.9903428373729939,False
2025-06-17,ridge_full,10,0.4,1.7067333827190285,1.5621546703951883,False
2025-06-18,ridge_full,10,0.2,1.142702800546251,1.04936606621432,False
2025-06-19,ridge_full,10,0.3,1.8592372604969754,1.7787179618308158,False
2025-06-20,ridge_full,10,0.8,1.8113592572352737,2.0981070461083173,False
2025-06-23,ridge_full,10,0.8,0.8040533781033752,0.9568793846815525,True
2025-06-24,ridge_full,10,0.0,3.0725338910307554,2.7551919682903137,False
2025-06-25,ridge_full,10,0.9,0.6796704766563909,0.8556343491291196,True
2025-06-26,ridge_full,10,0.4,0.851872984524683,0.879872519687539,False
2025-06-27,ridge_full,10,0.6,1.0096813875620652,1.0733265123510505,False
2025-06-30,ridge_full,10,0.8,1.3623027355732282,1.4195331275271883,False
2025-07-01,ridge_full,10,0.3,0.5860673451498614,0.5496024126853516,False
2025-07-02,ridge_full,10,0.6,0.863343496015513,0.8850118137772423,False
2025-07-03,ridge_full,10,0.1,1.1669328796909129,0.9297618843651655,False
2025-07-04,ridge_full,10,0.8,1.9768684327843693,2.1052896558846323,False
2025-07-07,ridge_full,10,0.8,1.2516436247908058,1.3532359442138953,False
2025-07-08,ridge_full,10,0.9,0.8454020091595849,1.0112802743583038,True
2025-07-09,ridge_full,10,0.2,1.3597317490963647,1.184810376513613,False
2025-07-10,ridge_full,10,0.3,0.4878857600765814,0.4459317203942071,False
2025-07-11,ridge_full,10,0.2,1.3260100013533376,1.2530331653184035,False
2025-07-14,ridge_full,10,0.8,0.9024516795791063,0.9650625046894035,True
2025-07-15,ridge_full,10,0.2,1.4471680181298254,1.3290760913177246,False
2025-07-16,ridge_full,10,0.3,1.4083779173223463,1.4006806773658909,False
2025-07-17,ridge_full,10,0.6,2.6549595251420848,2.7456569959374533,False
2025-07-18,ridge_full,10,0.5,1.2585814116784144,1.2201783736480132,False
2025-07-21,ridge_full,10,0.5,0.9024376067820225,1.068986245113066,False
2025-07-22,ridge_full,10,0.7,2.183142183273072,2.2409363857894014,False
2025-07-23,ridge_full,10,0.2,2.2823128596484583,2.127319533465326,False
2025-07-24,ridge_full,10,0.4,0.5619673481612801,0.5200739151330014,False
2025-07-25,ridge_full,10,0.2,1.1072831750353325,0.8888165421806349,False
2025-07-28,ridge_full,10,0.7,0.6898592444494382,0.803566018598809,True
2025-07-29,ridge_full,10,0.7,1.2836086492017234,1.284591943492217,False
2025-07-30,ridge_full,10,0.6,1.5956289385764917,1.6726780376052486,False
2025-07-31,ridge_full,10,0.5,1.2218138353598602,1.2775649421285382,False
2025-08-04,ridge_full,10,0.4,1.5813386710768143,1.5508632052487603,False
2025-08-05,ridge_full,10,0.3,1.923811366748831,1.8435889042868503,False
2025-08-06,ridge_full,10,0.3,0.7803856023953252,0.7395188443768097,False
2025-08-07,ridge_full,10,0.4,0.7924291869254476,0.6776138821199583,False
2025-08-08,ridge_full,10,0.3,1.4956071639524793,1.133502161087746,False
2025-08-11,ridge_full,10,0.2,1.0904136176066785,0.9503965918589163,False
2025-08-12,ridge_full,10,0.2,1.5419484101848402,1.4495943465020145,False
2025-08-13,ridge_full,10,0.4,2.1536838399581915,2.1607095370530938,False
2025-08-14,ridge_full,10,0.5,1.5975182248873534,1.767793206343017,False
2025-08-15,ridge_full,10,0.2,1.2313765002037047,1.1218091486713488,False
2025-08-18,ridge_full,10,0.4,1.9238559493234657,2.0544811910381626,False
2025-08-19,ridge_full,10,0.3,1.4570826764004594,1.1966718434379895,False
2025-08-20,ridge_full,10,0.6,1.7110019352939851,1.7650852196403268,False
2025-08-21,ridge_full,10,0.0,1.8759646471163678,1.464363816766595,False
2025-08-22,ridge_full,10,0.3,1.4028933797903824,1.398856661655826,False
2025-08-25,ridge_full,10,0.3,1.6268189039425685,1.575018443195455,False
2025-08-26,ridge_full,10,0.4,2.205271931432889,2.2031444363437336,False
2025-08-27,ridge_full,10,0.3,2.220070462993556,2.0428528871893046,False
2025-08-28,ridge_full,10,0.6,0.983685043282738,1.1080555703006767,False
2025-08-29,ridge_full,10,0.4,1.4209747081780526,1.363185253759347,False
2025-09-01,ridge_full,10,0.3,2.6034425792236005,2.6334657980534715,False
2025-09-02,ridge_full,10,0.4,2.0093715318789562,1.8548754498183118,False
2025-09-03,ridge_full,10,0.5,4.210790065401858,4.345431944229984,False
2025-09-04,ridge_full,10,0.5,2.2423457579636015,1.5178359173240294,False
2025-09-05,ridge_full,10,0.5,1.203012673743057,1.3236021354368588,False
2025-09-08,ridge_full,10,0.5,1.903014526702845,1.916029678261968,False
2025-09-09,ridge_full,10,0.7,1.890022556503494,1.749494556698552,False
2025-09-10,ridge_full,10,0.8,1.762582631588622,1.934256421020234,False
2025-09-11,ridge_full,10,0.4,2.6729530111743776,2.554399802144728,False
2025-09-12,ridge_full,10,0.5,4.335300318552052,4.407647860682458,False
2025-09-15,ridge_full,10,0.3,2.5284403302405964,1.9670505706621655,False
2025-09-16,ridge_full,10,0.8,2.4562774120785766,2.5905637470178986,False
2025-09-17,ridge_full,10,0.1,1.8887787226695103,1.47723093910742,False
2025-09-18,ridge_full,10,0.5,3.226929439896638,2.9706218121428885,False
2025-09-19,ridge_full,10,0.6,4.968767999791081,4.961043017111785,False
2025-09-22,ridge_full,10,0.7,3.4639197558293886,3.752751303806794,False
2025-09-23,ridge_full,10,0.3,2.8491709951972752,2.1597987360160706,False
2025-09-24,ridge_full,10,0.7,1.8978214554031978,2.244387742236249,False
2025-09-25,ridge_full,10,0.5,4.017555003536797,3.321744853480053,False
2025-09-26,ridge_full,10,0.5,2.168465216132756,2.199765854700354,False
2025-09-30,ridge_full,10,0.6,1.8884165446940617,1.8002068280935244,False
2025-10-01,ridge_full,10,0.1,1.3483538887564432,1.1446465984480014,False
2025-10-02,ridge_full,10,0.7,1.131050266163034,1.3967478952579415,False
2025-10-03,ridge_full,10,0.5,1.2722852148870196,1.2302976466352444,False
2025-10-07,ridge_full,10,0.7,2.182042722190199,2.493016279450855,False
2025-10-08,ridge_full,10,0.5,1.2657867046927493,1.2697263343760223,False
2025-10-09,ridge_full,10,0.4,1.0470473666006546,0.9820684244431932,False
2025-10-13,ridge_full,10,0.3,2.590637507978,2.3253656615774023,False
2025-10-14,ridge_full,10,0.4,3.139385451124479,3.066441349272931,False
2025-10-15,ridge_full,10,0.6,4.703649984554879,4.792521143839595,False
2025-10-16,ridge_full,10,0.5,1.949506460491731,1.8270383489115172,False
2025-10-17,ridge_full,10,0.4,3.3621097150734953,3.355268466604561,False
2025-10-20,ridge_full,10,0.8,6.991819550005994,7.21554796551271,False
2025-10-21,ridge_full,10,0.5,5.8990715854756335,5.883250135887069,False
2025-10-22,ridge_full,10,0.6,2.637072615225235,2.6229533705633856,False
2025-10-23,ridge_full,10,0.6,2.2972100107980253,2.5188028120202164,False
2025-10-27,ridge_full,10,0.5,3.4415125337546457,3.5464193804761237,False
2025-10-28,ridge_full,10,0.3,2.6191042949732286,2.2734703254949404,False
2025-10-29,ridge_full,10,0.4,3.6325008635146916,3.3034670883997874,False
2025-10-30,ridge_full,10,0.4,2.3971044975339737,1.858718037485333,False
2025-10-31,ridge_full,10,0.4,1.774210985921713,1.5539646708262587,False
2025-11-03,ridge_full,10,0.4,1.9739309236061071,1.8656181778116843,False
2025-11-04,ridge_full,10,0.7,3.56066731488916,3.3624610888723296,False
2025-11-05,ridge_full,10,0.4,1.8647270556971307,1.7451395237015546,False
2025-11-06,ridge_full,10,0.2,2.201586035927445,1.8663225748789145,False
2025-11-07,ridge_full,10,0.1,4.283498623077017,3.7862470689929117,False
2025-11-10,ridge_full,10,0.5,2.5391929526045383,2.4386727681754183,False
2025-11-11,ridge_full,10,0.4,2.1394657183728243,2.0377545422257226,False
2025-11-12,ridge_full,10,0.3,0.9785905606066629,0.7036037110003324,False
2025-11-13,ridge_full,10,0.5,4.009032897587012,4.0797497961217974,False
2025-11-14,ridge_full,10,0.4,3.477168972930337,2.939496890483403,False
2025-11-17,ridge_full,10,0.4,3.162645943731884,3.028879135231859,False
2025-11-18,ridge_full,10,0.5,1.3743961230242294,1.2246923357324255,False
2025-11-19,ridge_full,10,0.3,2.9369569830305204,2.6760609395626713,False
2025-11-20,ridge_full,10,0.7,4.516079619372667,4.636205146355437,False
2025-11-21,ridge_full,10,0.2,3.8756974164629474,3.3683364775891436,False
2025-11-24,ridge_full,10,0.6,1.6510506138442946,1.3898671250848706,False
2025-11-25,ridge_full,10,0.6,1.715447138021584,1.8585448073044586,False
2025-11-26,ridge_full,10,0.5,1.7033956513909474,1.6003643191796413,False
2025-11-27,ridge_full,10,0.6,1.480071212863356,1.5478869343539492,False
2025-11-28,ridge_full,10,0.5,0.8321989335106703,0.9424982434289065,False
2025-12-01,ridge_full,10,0.4,2.5388055853345817,2.3134785635788404,False
2025-12-02,ridge_full,10,0.2,1.5596530841926415,1.4290116397232944,False
2025-12-03,ridge_full,10,0.6,2.133840717302671,2.1394818754316147,False
2025-12-04,ridge_full,10,0.4,1.391126066924608,1.2901347050924783,False
2025-12-05,ridge_full,10,0.2,0.915971399522577,0.8283731311712128,False
2025-12-08,ridge_full,10,0.6,1.0537422414188067,0.9744213102707899,False
2025-12-09,ridge_full,10,0.3,1.4897487800162736,1.5255853614373316,False
2025-12-10,ridge_full,10,0.7,2.0477282614733534,2.0900610457353705,False
2025-12-11,ridge_full,10,0.4,2.369281854293173,2.277012866625806,False
2025-12-12,ridge_full,10,0.6,1.1345039114875168,1.1834926391834855,False
2025-12-15,ridge_full,10,0.6,2.2047918970384583,2.1528007080815073,False
2025-12-16,ridge_full,10,0.4,1.950950156082251,1.971575088909865,False
2025-12-17,ridge_full,10,0.2,2.204628004901914,2.0381775611241273,False
2025-12-18,ridge_full,10,0.4,1.3502496343927974,1.3043573659643715,False
2025-12-19,ridge_full,10,0.7,0.6343580195083589,0.6727299161897149,True
2025-12-22,ridge_full,10,0.9,1.4453360115366203,1.68633516357507,False
2025-12-23,ridge_full,10,0.3,1.5008491413768112,1.3417459088778971,False
2025-12-24,ridge_full,10,0.2,0.8321258647830112,0.748357776942622,False
2025-12-26,ridge_full,10,0.4,0.6504670442125108,0.6797534080988621,False
2025-12-29,ridge_full,10,0.5,1.5237028706841174,1.517148130087479,False
2025-12-30,ridge_full,10,0.4,1.2022710380638983,1.1740316688845054,False
2025-12-31,ridge_full,10,0.5,1.2462015461352371,1.2662186782164808,False
2026-01-02,ridge_full,10,0.5,4.112498259626788,4.124403757542579,False
2026-01-05,ridge_full,10,0.3,2.5535037776465415,2.4675845778191197,False
2026-01-06,ridge_full,10,0.8,2.3486976984679657,2.6907827824869823,False
2026-01-07,ridge_full,10,0.5,1.486881827319805,1.5286110949069165,False
2026-01-08,ridge_full,10,0.4,3.6103514241326984,3.3970622856846844,False
2026-01-09,ridge_full,10,0.4,1.1063709478901278,1.060809975080269,False
2026-01-12,ridge_full,10,0.6,2.8818544542834,2.9223127918337366,False
2026-01-13,ridge_full,10,0.6,3.4460219993396897,3.5261833421319273,False
2026-01-14,ridge_full,10,0.5,2.0535622934067703,2.0442333404348667,False
2026-01-15,ridge_full,10,0.4,1.585120532577298,1.4829496230451156,False
2026-01-16,ridge_full,10,0.3,2.3997588087838304,2.364482598197386,False
2026-01-19,ridge_full,10,0.8,3.6083680698744622,3.7483909079880475,False
2026-01-20,ridge_full,10,0.3,2.591972449318848,2.4730283968186817,False
2026-01-21,ridge_full,10,0.7,2.4041169207422843,2.3990342401731723,False
2026-01-22,ridge_full,10,0.5,4.396201093014676,4.491234835694041,False
2026-01-23,ridge_full,10,0.1,4.372263443848377,3.921983080614865,False
2026-01-26,ridge_full,10,0.2,1.8218234084747131,1.144484217038736,False
2026-01-27,ridge_full,10,0.7,1.0561603081550932,1.106822722865255,False
2026-01-28,ridge_full,10,0.2,2.869574640145973,2.62076128312367,False
2026-01-29,ridge_full,10,0.3,2.8608323541103773,2.6131494904876864,False
2026-01-30,ridge_full,10,0.6,3.3086487621391782,3.4761154858553645,False
2026-02-02,ridge_full,10,0.5,4.278027655114507,4.29969285837179,False
2026-02-03,ridge_full,10,0.5,2.169192628216069,2.0727946790862295,False
2026-02-04,ridge_full,10,0.8,0.9952101110770295,1.2280140093633352,True
2026-02-05,ridge_full,10,0.3,2.917783111888463,2.6443030379237102,False
2026-02-06,ridge_full,10,0.7,2.765793932458226,2.740513923161684,False
2026-02-09,ridge_full,10,0.7,1.2353789733620364,1.431204169522643,False
2026-02-10,ridge_full,10,0.5,1.051902575935769,0.9889123289381818,False
2026-02-11,ridge_full,10,0.3,1.3938602067938721,1.1961667480232019,False
2026-02-23,ridge_full,10,0.9,5.923558140149133,6.292542400248527,False
2026-02-24,ridge_full,10,0.6,4.3835008282620285,4.6376098248305855,False
2026-02-25,ridge_full,10,0.7,1.6236732480025133,1.866580897122747,False
2026-02-26,ridge_full,10,0.7,2.367654354492951,2.3907416207695276,False
2026-03-02,ridge_full,10,0.7,3.5188077544047176,3.577989903268717,False
2026-03-03,ridge_full,10,0.4,3.7554246799791082,3.428827783996833,False
2026-03-04,ridge_full,10,0.6,6.8725809463205625,6.798960563893613,False
2026-03-05,ridge_full,10,0.3,4.205642020010759,3.6597682866973713,False
2026-03-06,ridge_full,10,0.8,1.4116527578683922,1.7715789167591633,False
2026-03-09,ridge_full,10,0.2,7.998043427069281,7.49113370799783,False
2026-03-10,ridge_full,10,0.2,3.3372028708358528,2.6470139660124614,False
2026-03-11,ridge_full,10,0.9,4.447260705492151,5.093151798499598,False
2026-03-12,ridge_full,10,0.3,3.8400869254965935,3.235451280761734,False
2026-03-13,ridge_full,10,0.2,3.7072956362064944,3.3931661659864156,False
2026-03-16,ridge_full,10,0.7,1.78918945182,1.995983567003521,False
2026-03-17,ridge_full,10,0.6,4.038725580493394,4.226701585338475,False
2026-03-18,ridge_full,10,0.3,1.9231722583491682,1.4986935493194387,False
2026-03-19,ridge_full,10,0.2,2.8126435747553375,2.1650161695747707,False
2026-03-20,ridge_full,10,0.6,2.642410618997809,2.787094762414346,False
2026-03-23,ridge_full,10,0.4,3.5634202774942496,3.57166537304022,False
2026-03-24,ridge_full,10,0.3,2.2678933240706463,2.266156604280517,False
2026-03-25,ridge_full,10,0.9,3.511904045712005,3.9125880194876537,False
2026-03-26,ridge_full,10,0.6,2.6469780185383813,2.5512917012584926,False
2026-03-27,ridge_full,10,0.5,2.166610085748916,2.1180603542986867,False
2026-03-30,ridge_full,10,0.1,4.105596998132983,3.678551138825933,False
2026-03-31,ridge_full,10,0.4,4.485051279225527,4.498430271785867,False
2026-04-01,ridge_full,10,0.4,2.655848062948364,2.5099518302794133,False
2026-04-02,ridge_full,10,0.2,3.1562246359957453,2.3132798736659943,False
2026-04-07,ridge_full,10,0.5,5.098196924745061,5.0721474548433,False
2026-04-08,ridge_full,10,0.8,4.521343552048929,5.029727254943732,False
2026-04-09,ridge_full,10,0.6,2.1159810046041754,2.605973147887545,False
2026-04-10,ridge_full,10,0.6,1.6003585898158348,1.8560746312946494,False
2026-04-13,ridge_full,10,0.7,3.779262338338726,4.282940858375728,False
2026-04-14,ridge_full,10,0.6,2.7873781893044027,3.405235634249748,False
2026-04-15,ridge_full,10,0.5,2.066876172954775,1.6017364499582285,False
2026-04-16,ridge_full,10,0.7,3.883836869128976,4.188748912207613,False
2026-04-17,ridge_full,10,0.8,5.299921278482254,5.0168465392106425,False
2026-04-20,ridge_full,10,0.7,2.303813681364118,1.9761841621558873,False
2026-04-21,ridge_full,10,0.5,1.9634807047605538,2.4635516853202843,False
2026-04-22,ridge_full,10,0.4,4.009449633466668,3.296889379330767,False
2026-04-23,ridge_full,10,0.5,6.2856008271031625,6.095868241407132,False
2026-04-24,ridge_full,10,0.3,1.7007355305961496,1.447819443209175,False
2026-04-27,ridge_full,10,0.6,1.9105388316269807,2.070005129191533,False
2026-04-28,ridge_full,10,0.4,4.326952252062197,4.154773272228635,False
2026-04-29,ridge_full,10,0.4,2.8750141330392127,2.5586556631315096,False
2026-04-30,ridge_full,10,0.4,2.1670800581127265,2.0814667839402032,False
2026-05-04,ridge_full,10,0.5,3.8283141200573754,3.64897671515041,False
2026-05-05,ridge_full,10,0.8,4.064087310919758,4.646412534431851,False
2026-05-06,ridge_full,10,0.3,3.098517215549026,3.192014287555204,False
2026-05-07,ridge_full,10,0.4,6.0406260235036005,6.446549328964342,False
2026-05-08,ridge_full,10,0.4,4.155736027781405,4.724916761412787,False
2026-05-11,ridge_full,10,0.3,5.752120172420197,5.1895407024285705,False
2026-05-12,ridge_full,10,0.6,3.776886315664187,3.580521885277226,False
2026-05-13,ridge_full,10,0.7,4.322668572823897,4.220323207410489,False
2026-05-14,ridge_full,10,0.7,4.801291606871084,5.240054522499087,False
2026-05-15,ridge_full,10,0.3,4.914291782194552,3.8325452204439423,False
2026-05-18,ridge_full,10,0.2,6.2962633781630215,6.3245510782394945,False
2026-05-19,ridge_full,10,0.6,4.477047364388369,4.314163189620244,False
2026-05-20,ridge_full,10,0.7,6.080856437665203,6.676228685727478,False
2026-05-21,ridge_full,10,0.8,3.9611117911488174,5.171508692621077,False
2026-05-22,ridge_full,10,0.9,4.376551338471499,5.558267417147926,False
2026-05-25,ridge_full,10,0.6,5.4352422230320965,6.718182777961677,False
2026-05-26,ridge_full,10,0.6,6.8304352991473705,6.634759856714851,False
2026-05-27,ridge_full,10,0.7,3.9494701490029014,5.366232575093183,False
2026-05-28,ridge_full,10,0.6,3.623058741658049,4.339406812269292,False
2026-05-29,ridge_full,10,0.5,5.1503849439833145,4.089161163574576,False
2026-06-01,ridge_full,10,0.4,5.105093061090338,5.652745544016744,False
2026-06-02,ridge_full,10,0.4,4.217212615257004,4.171560858211968,False
2026-06-03,ridge_full,10,0.4,5.017823999167163,3.420550720556501,False
2026-06-04,ridge_full,10,0.7,2.896754492156917,3.7583280150438783,False
2026-06-05,ridge_full,10,0.4,6.8673837473904324,3.975499644501723,False
2026-06-08,ridge_full,10,0.3,7.327984597640764,6.6837297868199474,False
2026-06-09,ridge_full,10,0.3,10.073494302302105,6.730339537159322,False
2026-06-10,ridge_full,10,0.5,5.090041852722992,4.801004538615349,False
2026-06-11,ridge_full,10,0.3,6.041631226311021,3.1248300821381525,False
2026-06-12,ridge_full,10,0.4,6.825603598745936,5.701741243445742,False
2026-06-15,ridge_full,10,0.5,7.8841171475341625,6.370019525842557,False
2026-06-16,ridge_full,10,0.3,6.330736244970102,4.389175936132917,False
2026-06-17,ridge_full,10,0.6,5.453335693271013,6.301843168228072,False
2026-06-18,ridge_full,10,0.8,7.67258044513143,8.33916517775219,False
2026-06-22,ridge_full,10,0.6,6.710847407699816,6.36154519684845,False
2026-06-23,ridge_full,10,0.4,8.967392977698573,7.7421842783316155,False
2026-06-24,ridge_full,10,0.4,4.571084224757582,2.4795365338668516,False
2026-06-25,ridge_full,10,0.6,3.9700838226129216,4.321259621256003,False
2026-06-26,ridge_full,10,0.3,9.030899090843807,7.1878557216275825,False
2026-06-29,ridge_full,10,0.5,3.8243447306156595,3.895519013164698,False
2026-06-30,ridge_full,10,0.4,10.459583778320853,9.297620427209976,False
2026-07-01,ridge_full,10,0.5,6.326954281285728,4.6593109327937885,False
2026-07-02,ridge_full,10,0.4,8.019497739554085,5.794829101767976,False
2026-07-03,ridge_full,10,0.4,5.4990712165143085,2.6497464525353576,False
2026-07-06,ridge_full,10,0.5,6.932882280973255,6.079192176704223,False
2026-07-07,ridge_full,10,0.3,8.955052561440862,8.282983875256203,False
2026-07-08,ridge_full,10,0.5,5.683843849800881,4.238543868230336,False
2026-07-09,ridge_full,10,0.4,5.605361022399803,3.8719865775693334,False
2026-07-10,ridge_full,10,0.0,4.217644823945038,0.0,False
2026-07-13,ridge_full,10,0.2,9.384830416640842,8.402683968841318,False
2026-07-14,ridge_full,10,0.1,7.531671694187456,6.593643933926323,False
2026-07-15,ridge_full,10,0.5,2.724416733768566,2.225551663958376,False
2026-07-16,ridge_full,10,0.3,6.3669098161053315,5.684614808886387,False
2026-07-17,ridge_full,10,0.8,7.684629072609178,9.453987699460473,False
2026-07-20,ridge_full,10,0.8,5.084577422868334,7.64772677189212,False
2026-07-21,ridge_full,10,0.7,5.37349568727871,4.175624631785753,False
2026-07-22,ridge_full,10,0.5,4.725528668443349,4.359540556193671,False
2026-07-23,ridge_full,10,0.3,6.128043511225596,3.5877141850450256,False
2026-07-24,ridge_full,10,0.6,4.849386142630367,6.186518058456273,False
2026-07-27,ridge_full,10,0.5,4.161731875958179,1.9485239791960296,False
2026-07-28,ridge_full,10,0.8,8.541819126024702,9.242695526061365,False
2026-07-29,ridge_full,10,0.9,3.9735327947496906,7.830355262558109,False
2026-07-30,ridge_full,10,0.8,4.875662564884637,6.731341818425539,False
2026-07-31,ridge_full,10,0.3,10.52195327682931,8.282559301176956,False
2026-08-03,ridge_full,10,0.7,4.946549329601554,6.909362969191866,False
2026-08-04,ridge_full,10,0.9,2.5453506578597067,3.7326894514340525,False
2026-08-05,ridge_full,10,0.4,3.454094234775807,3.0611968668218537,False
2026-08-06,ridge_full,10,0.6,3.4103388772192615,2.3538591447353805,False
2026-08-07,ridge_full,10,0.4,5.616909787729673,3.9066785849838404,False
2026-08-10,ridge_full,10,0.4,5.339548320365134,5.108283211726536,False
2026-08-11,ridge_full,10,0.8,2.8841471154310403,4.010782285084016,False
2026-08-12,ridge_full,10,0.4,4.267038329646162,2.803563517249251,False
2026-08-13,ridge_full,10,0.6,6.279606421379872,5.060943586059136,False
2026-08-14,ridge_full,10,0.2,6.513523499705618,5.123646908382504,False
2026-08-17,ridge_full,10,0.3,5.4747057738065985,4.3169793140135315,False
2026-08-18,ridge_full,10,0.5,5.202565417328643,3.8262715895261104,False
2026-08-19,ridge_full,10,0.5,2.314241042766308,1.929702120828751,False
2026-08-20,ridge_full,10,0.7,2.2579878857378732,2.731648683572475,False
2026-08-21,ridge_full,10,0.4,3.5746717764385183,3.07095970820195,False
2026-08-24,ridge_full,10,0.7,2.0361412153901886,0.8102741120414357,False
2026-08-25,ridge_full,10,0.2,2.7393631491586983,1.2732850036796506,False
2026-08-26,ridge_full,10,0.4,4.193849881122534,3.649729504893491,False
2026-08-27,ridge_full,10,0.3,4.051714269455927,3.3658471285682454,False
2026-08-28,ridge_full,10,0.6,3.5342427106935412,4.1785614674498195,False
2026-08-31,ridge_full,10,0.2,4.082232833769064,3.469849540571597,False
2026-09-01,ridge_full,10,0.3,2.4391653081834015,1.8498018077059064,False
2026-09-02,ridge_full,10,0.4,3.2609428758942665,3.563226801798308,False
2026-09-03,ridge_full,10,0.8,2.0870668974242848,3.837393114257188,False
2026-09-04,ridge_full,10,0.1,6.544549351275904,5.191852209487936,False
2026-09-07,ridge_full,10,0.6,2.753527640349489,2.71523826849739,False
2026-09-08,ridge_full,10,0.2,4.407302262339739,3.3762743046607446,False
2026-09-09,ridge_full,10,0.5,1.0580923392398356,0.5501224413566086,False
2026-09-10,ridge_full,10,0.6,2.403401476960738,1.9017583614245748,False
2026-09-11,ridge_full,10,0.3,4.889402419277437,3.9830232250635405,False
2026-09-14,ridge_full,10,0.4,2.730959539606254,2.952657601499511,False
2026-09-15,ridge_full,10,0.4,1.485436625684073,1.5125677205128063,False
