date,mae_new,accuracy_new,mae_old,accuracy_old,historical_advantage_pp,use_new,selected_mae
2024-04-19,2.791167740604997,0.5,2.791167740604997,0.5,,False,2.791167740604997
2024-04-22,2.821752593596951,0.6,3.021406563786324,0.6,,False,3.021406563786324
2024-04-23,1.2279546967264185,0.3,1.044853445235398,0.3,,False,1.044853445235398
2024-04-24,4.061340588568998,0.4,4.198309275698184,0.4,,False,4.198309275698184
2024-04-25,1.394400972010213,0.5,1.3511901532859532,0.6,,False,1.3511901532859532
2024-04-26,0.9517797301893427,0.5,1.0417647274418194,0.6,,False,1.0417647274418194
2024-04-29,2.337009308364226,0.6,2.3356393370909077,0.6,,False,2.3356393370909077
2024-04-30,0.7890609483555245,0.7,0.7403112007823409,0.7,,False,0.7403112007823409
2024-05-02,1.0972542941034995,0.5,1.0436458910371063,0.6,,False,1.0436458910371063
2024-05-03,2.0549560145878973,0.6,2.0201052133648205,0.7,,False,2.0201052133648205
2024-05-06,1.4047511936992316,0.3,1.4777463981601158,0.3,,False,1.4777463981601158
2024-05-07,1.0175183142247388,0.3,1.0954719735993073,0.3,,False,1.0954719735993073
2024-05-08,0.6381222889225322,0.7,0.6481673131816751,0.6,,False,0.6481673131816751
2024-05-09,1.006076616417583,0.7,0.9771885831333673,0.7,,False,0.9771885831333673
2024-05-10,1.0423838344233554,0.4,1.0680201913762917,0.3,,False,1.0680201913762917
2024-05-13,0.8097458116321743,0.6,0.8191088086458251,0.6,,False,0.8191088086458251
2024-05-14,0.6402470372137499,0.5,0.6267358120270038,0.5,,False,0.6267358120270038
2024-05-15,0.882458109228876,0.4,0.8883843696547974,0.4,,False,0.8883843696547974
2024-05-16,1.1374925543703953,0.4,1.1331740230569662,0.4,,False,1.1331740230569662
2024-05-17,0.7331014420465225,0.5,0.7319834099956655,0.5,,False,0.7319834099956655
2024-05-20,0.6696878679748831,0.8,0.659873471060668,0.7,0.010790017093581966,True,0.6696878679748831
2024-05-21,0.5713378679726435,0.3,0.5726699862718725,0.3,0.010299297247871209,True,0.5713378679726435
2024-05-22,1.3973933552100593,0.3,1.4196791102605304,0.3,0.000383204653364011,True,1.3973933552100593
2024-05-23,0.8726493967743375,0.6,0.851540011215674,0.6,0.0106525549804386,True,0.8726493967743375
2024-05-24,2.19803165408594,0.5,2.1815696934171327,0.5,0.002748651346046127,True,2.19803165408594
2024-05-27,2.802044193526889,0.2,2.8479508071645583,0.2,0.004086094248818761,True,2.802044193526889
2024-05-28,1.407838804983991,0.2,1.4728296814566935,0.2,0.0018821750680783843,True,1.407838804983991
2024-05-29,0.7654948065850047,0.5,0.5613411193826181,0.6,0.005200217455379419,True,0.7654948065850047
2024-05-30,1.7209482645820398,0.6,1.7210522418119225,0.5,-0.002569979526080729,False,1.7210522418119225
2024-05-31,0.8973318248602575,0.5,0.8472957463605377,0.5,0.0001156394887330714,True,0.8973318248602575
2024-06-03,0.7369359038996481,0.9,0.6976395604431664,0.9,-0.0006436243750990778,False,0.6976395604431664
2024-06-04,0.8463520557990997,0.5,0.8470692986288914,0.5,-0.0062582017709673695,False,0.8470692986288914
2024-06-05,1.087609810103578,0.4,1.0914903958388271,0.4,-0.010120022598206208,False,1.0914903958388271
2024-06-06,1.787460005875054,0.8,1.7785758348759775,0.8,-0.010428244524400897,False,1.7785758348759775
2024-06-07,1.8456898405484217,0.7,1.8645730568847383,0.8,-0.009428051410143945,False,1.8645730568847383
2024-06-11,1.5410187437402343,0.6,1.5307134365701767,0.7,-0.00976570844097493,False,1.5307134365701767
2024-06-12,0.6647899425025912,0.6,0.6904057906637846,0.7,-0.010749123650160352,False,0.6904057906637846
2024-06-13,1.1515307656600355,0.8,1.1505522227214278,0.8,-0.008792769982763377,False,1.1505522227214278
2024-06-14,2.2894534382124374,0.4,2.3179695164139362,0.3,-0.009138010150989834,False,2.3179695164139362
2024-06-17,2.374181964679919,0.6,2.4051277257678563,0.5,-0.007496279675243439,False,2.4051277257678563
2024-06-18,1.2850878872296314,0.5,1.285027131300756,0.5,-0.005893090018303732,False,1.285027131300756
2024-06-19,1.8834763674256336,0.5,1.8807361300235166,0.4,-0.005405407969036746,False,1.8807361300235166
2024-06-20,0.9748077995129784,0.6,0.9733819726246692,0.6,-0.005609025754104047,False,0.9733819726246692
2024-06-21,2.3355714057329786,0.6,2.3557720122200236,0.6,-0.0067946048510430625,False,2.3557720122200236
2024-06-24,1.5434678317053578,0.5,1.549865959609218,0.5,-0.004729105248757637,False,1.549865959609218
2024-06-25,1.296728864008716,0.4,1.344366404115111,0.4,-0.0035861008201242715,False,1.344366404115111
2024-06-26,0.684976690757111,0.7,0.6512248456066076,0.6,-0.003499554496687973,False,0.6512248456066076
2024-06-27,1.3110469425679292,0.2,1.3127409836648212,0.2,-0.008436690577848266,False,1.3127409836648212
2024-06-28,2.515234010310271,0.4,2.4836999754809588,0.5,0.0018556958371156618,True,2.515234010310271
2024-07-01,2.6663534424455158,0.5,2.7123658318470194,0.5,0.00027379523415592134,True,2.6663534424455158
2024-07-02,1.127639094193293,0.4,0.954230882426106,0.4,0.005076218629217094,True,1.127639094193293
2024-07-03,2.6997246158803128,0.5,2.704423980986708,0.5,-0.0016293747863181719,False,2.704423980986708
2024-07-04,1.8345461576573605,0.4,1.9058367788035002,0.4,-0.0014302686724879886,False,1.9058367788035002
2024-07-05,1.2279684735989367,0.3,1.3840356998027068,0.2,0.001940233098056543,True,1.2279684735989367
2024-07-08,1.587191727929078,0.6,1.5468198685653891,0.6,0.010187802958198877,True,1.587191727929078
2024-07-09,2.068877225587396,0.2,2.090902043361517,0.2,0.0072250491731986055,True,2.068877225587396
2024-07-10,1.660097242053999,0.6,1.6002654917905388,0.6,0.008841555420407533,True,1.660097242053999
2024-07-11,2.2614726221703023,0.5,2.2896804572148985,0.5,0.004569175499174849,True,2.2614726221703023
2024-07-12,1.3578080987207808,0.4,1.2735403384846085,0.6,0.0060284943983350495,True,1.3578080987207808
2024-07-15,1.6643589867641535,0.8,1.6728127960497587,0.7,0.0003893024764514919,True,1.6643589867641535
2024-07-16,1.5355404342322785,0.7,1.5829324590945362,0.7,-0.000735295113665102,False,1.5829324590945362
2024-07-17,0.8577662761333673,0.7,0.8228714904280137,0.7,0.0016373439258915545,True,0.8577662761333673
2024-07-18,1.4037974267243087,0.8,1.423667857362042,0.8,2.9616510729724153e-05,True,1.4037974267243087
2024-07-19,2.857237896222825,0.7,2.9160931723507684,0.6,0.0010944293870318478,True,2.857237896222825
2024-07-22,3.565332754194242,0.4,3.7448579661452355,0.2,0.0030271628690767714,True,3.565332754194242
2024-07-23,1.1893913779518506,0.3,0.9626738107283085,0.4,0.011683517071433447,True,1.1893913779518506
2024-07-26,3.547312737680568,0.2,3.5454943576398703,0.2,-0.002034238295063412,False,3.5454943576398703
2024-07-29,1.983517865909329,0.8,2.019022263476329,0.7,-0.00043756503957312896,False,2.019022263476329
2024-07-30,1.8773468472281596,0.5,1.7359467969258635,0.6,0.0012529527839322597,True,1.8773468472281596
2024-07-31,2.025158063287583,0.4,1.9612898110346149,0.4,-0.004240347989716941,False,1.9612898110346149
2024-08-01,2.2754597955340374,0.6,2.298270151627403,0.5,-0.00973438007244053,False,2.298270151627403
2024-08-02,3.9714813885675104,0.1,3.8803408943424555,0.1,7.654832058710536e-05,True,3.9714813885675104
2024-08-05,8.96251755062472,0.7,9.046209052104302,0.6,-0.004715444645985406,False,9.046209052104302
2024-08-06,3.338248479623565,0.6,1.9812790699007894,0.5,-0.004095400629313234,False,1.9812790699007894
2024-08-07,5.575066121421157,0.6,5.901460679009591,0.6,-0.07974723242564052,False,5.901460679009591
2024-08-08,2.9276452672654814,0.3,2.40360348969661,0.4,-0.061408911578034395,False,2.40360348969661
2024-08-09,2.780103603105156,0.3,2.5991730868210032,0.4,-0.08871224134518402,False,2.5991730868210032
2024-08-12,1.0420471911674851,0.9,1.0963618675193714,0.7,-0.09476717964621864,False,1.0963618675193714
2024-08-13,1.3321637431860065,0.4,1.4226079783096954,0.4,-0.09346183758085415,False,1.4226079783096954
2024-08-14,1.2245305316128987,0.5,1.3358277372044325,0.4,-0.08472623781286108,False,1.3358277372044325
2024-08-15,0.5396009088500332,0.7,0.5577182721142326,0.6,-0.07958406799756465,False,0.5577182721142326
2024-08-16,1.5707517407611207,0.4,1.5809743747872465,0.4,-0.08104780107746756,False,1.5809743747872465
2024-08-19,0.5391900606156474,0.8,0.5879585753364285,0.8,-0.07879193009089361,False,0.5879585753364285
2024-08-20,1.0243819761225033,0.5,1.0396026293722318,0.5,-0.07734702588674121,False,1.0396026293722318
2024-08-21,1.0152859269593293,0.4,1.0103007684437353,0.4,-0.07952875703065196,False,1.0103007684437353
2024-08-22,2.035326663784368,0.2,2.0263740576623492,0.2,-0.08875427555398134,False,2.0263740576623492
2024-08-23,0.804713956955126,0.5,0.7869399207297209,0.7,-0.07786602749890517,False,0.7869399207297209
2024-08-26,1.1640937130042674,0.4,1.1633673124870192,0.4,-0.07866381030814054,False,1.1633673124870192
2024-08-27,0.6559410555364057,0.6,0.653492158893612,0.6,-0.08047535021235294,False,0.653492158893612
2024-08-28,0.6337638448466357,0.6,0.630873388940995,0.6,-0.07352779252937783,False,0.630873388940995
2024-08-29,0.627832026369496,0.9,0.6353189144508754,0.9,-0.07047890271201146,False,0.6353189144508754
2024-08-30,0.9972716390418105,0.2,1.0090882590423547,0.2,-0.07124507611261076,False,1.0090882590423547
2024-09-02,0.7924532721087555,0.4,0.7850170688616076,0.4,-0.06609722040133081,False,0.7850170688616076
2024-09-03,1.5593213687662921,0.6,1.5606460513868405,0.6,-0.07065360563766737,False,1.5606460513868405
2024-09-04,4.581438620994454,0.7,4.621896857848479,0.6,-0.002738901020501172,False,4.621896857848479
2024-09-05,1.4601082370280731,0.6,1.5142184544309618,0.5,-0.017035717057221633,False,1.5142184544309618
2024-09-06,1.2388918772365234,0.5,1.2603312562038962,0.5,0.011871882691366376,True,1.2388918772365234
2024-09-09,1.3277962996304171,0.4,1.3371966532292574,0.3,0.021990377453942656,True,1.3277962996304171
2024-09-10,1.9024773934295491,0.3,1.940207648486155,0.3,0.01974466131629036,True,1.9024773934295491
2024-09-11,0.9495582401117826,0.5,0.9696334150082994,0.5,0.017108962312936203,True,0.9495582401117826
2024-09-12,2.3332761553993047,0.5,2.32231066143171,0.5,0.012547860778185354,True,2.3332761553993047
2024-09-13,1.0588030005797642,0.6,1.005058309192933,0.6,0.011093717916595658,True,1.0588030005797642
2024-09-16,1.2604913233086728,0.6,1.2579922854298846,0.6,0.007895351645947813,True,1.2604913233086728
2024-09-18,1.9838217591165777,0.0,1.9632489148557695,0.1,0.005331974015969354,True,1.9838217591165777
2024-09-19,1.605610650424964,0.6,1.5624204503803525,0.6,0.0035422991404425175,True,1.605610650424964
2024-09-20,1.0953322157365535,0.3,1.0824476683445206,0.2,0.0016320470639916373,True,1.0953322157365535
2024-09-23,3.329610242822755,0.4,3.328064526697792,0.4,0.0014354500004909233,True,3.329610242822755
2024-09-24,1.044157630987948,0.6,1.1393561477152012,0.5,0.002246866005513032,True,1.044157630987948
2024-09-25,1.5008691733976618,0.7,1.4476463568236877,0.8,0.007043111867738111,True,1.5008691733976618
2024-09-26,1.4628273883188618,0.5,1.5210816843027093,0.5,0.00450441587117909,True,1.4628273883188618
2024-09-27,0.9917981860549767,0.2,1.0117854551226153,0.2,0.007561653465653501,True,0.9917981860549767
2024-09-30,1.4184765917692714,0.2,1.4135435569053505,0.2,0.008186672514966459,True,1.4184765917692714
2024-10-01,0.6823332189099122,0.6,0.6733086339767341,0.6,0.007349189771743203,True,0.6823332189099122
2024-10-04,2.0529470480807683,0.2,2.0577287834357354,0.2,0.007269770687441696,True,2.0529470480807683
2024-10-07,2.0324999819409877,0.3,2.0150240792486938,0.2,0.007442623324162628,True,2.0324999819409877
2024-10-08,1.8933076737501167,0.5,1.8775253344391802,0.5,0.004545916346846706,True,1.8933076737501167
2024-10-09,1.0376415914173873,0.6,1.1044693968284542,0.6,0.0010512885111554516,True,1.0376415914173873
2024-10-11,1.0528797171791326,0.6,1.0584093188267958,0.6,0.0033207098333401575,True,1.0528797171791326
2024-10-14,1.1413877389379539,0.5,1.1377275585810236,0.5,0.0031271722357813004,True,1.1413877389379539
2024-10-15,1.0829316311128576,0.4,1.0752259985584642,0.4,0.0010576504651044927,True,1.0829316311128576
2024-10-16,2.080097228846069,0.2,2.0500797564496858,0.2,-0.00033138990744101536,False,2.0500797564496858
2024-10-17,1.0031699857077672,0.3,0.9822583256197263,0.3,-0.0012839888288804558,False,0.9822583256197263
2024-10-18,1.4928096422646682,0.7,1.4793172425236016,0.9,0.00035766273605905563,True,1.4928096422646682
2024-10-21,1.3684039670666088,1.0,1.3738224989380383,1.0,-0.0001920053570548641,False,1.3738224989380383
2024-10-22,0.8171718210310812,0.3,0.8247167095451793,0.4,0.0011075634495570196,True,0.8171718210310812
2024-10-23,1.6262682140301539,0.6,1.6345875129414835,0.6,0.0036443178774925034,True,1.6262682140301539
2024-10-24,1.2638911627659586,0.8,1.2686397105918115,0.8,0.0047045101926606325,True,1.2638911627659586
2024-10-25,1.3104209300419911,0.5,1.2842427248119892,0.6,0.005019223390201427,True,1.3104209300419911
2024-10-28,1.9497344647142723,0.4,1.9308172148403862,0.4,-0.0010496127076613348,False,1.9308172148403862
2024-10-29,2.6421343835443585,0.5,2.666494255794274,0.4,0.000665665627343065,True,2.6421343835443585
2024-10-30,1.7903688528103878,0.6,1.8816160882514577,0.2,-0.0010290555593535367,False,1.8816160882514577
2024-11-01,0.9500242423914382,0.8,1.0397714556023165,0.8,0.002533942759318025,True,0.9500242423914382
2024-11-04,1.1883589441658216,0.5,1.1787921088939957,0.5,0.007267955163057988,True,1.1883589441658216
2024-11-05,1.4553334268996672,0.1,1.4848450849280148,0.1,0.007240842646125595,True,1.4553334268996672
2024-11-06,1.0614998063817198,0.6,0.823228391832731,0.6,0.008477338779794624,True,1.0614998063817198
2024-11-07,2.377400230284801,0.8,2.25976250106946,0.8,-0.00256243681304012,False,2.25976250106946
2024-11-08,1.8217913209502115,0.5,1.830539053776628,0.7,-0.007655206308260359,False,1.830539053776628
2024-11-11,1.2682785514652757,0.3,1.2405763934687895,0.3,-0.01055920993749288,False,1.2405763934687895
2024-11-12,1.9638040415537934,0.5,1.9799971921170207,0.5,-0.012220797919700349,False,1.9799971921170207
2024-11-13,0.7617985366722785,0.6,0.7349923796025672,0.6,-0.011228131373692468,False,0.7349923796025672
2024-11-14,1.952210734599933,0.4,1.9617236133326899,0.4,-0.012183157599458361,False,1.9617236133326899
2024-11-15,0.43208861957589306,0.4,0.38231573981427147,0.4,-0.010206640043001359,False,0.38231573981427147
2024-11-18,1.8430279357595272,0.3,1.841343310845018,0.3,-0.011649701026680392,False,1.841343310845018
2024-11-19,1.4277819622276386,0.5,1.3771324389730366,0.5,-0.01105931228535253,False,1.3771324389730366
2024-11-20,1.3480370209535253,0.0,1.31074675021297,0.0,-0.013862715041654105,False,1.31074675021297
2024-11-21,0.9129375826854405,0.4,0.8867498362939223,0.4,-0.016104473004386777,False,0.8867498362939223
2024-11-22,1.208161655620971,0.4,1.2259225824069397,0.4,-0.017829825269529163,False,1.2259225824069397
2024-11-25,1.0912115649368346,0.6,1.098460284234263,0.6,-0.017179206321523376,False,1.098460284234263
2024-11-26,0.7881921500628445,0.7,0.7599073674195973,0.8,-0.01550786009515186,False,0.7599073674195973
2024-11-27,2.2419120093711418,0.8,2.27740645593789,0.8,-0.015976236733619913,False,2.27740645593789
2024-11-28,0.98925769209362,0.7,0.9953036483177223,0.7,-0.015419508017778267,False,0.9953036483177223
2024-11-29,1.3640919642491596,0.5,1.3262690565018727,0.5,-0.01967957197862664,False,1.3262690565018727
2024-12-02,0.6361458673471126,0.5,0.6365088946521701,0.5,-0.026058078026534905,False,0.6365088946521701
2024-12-03,1.2279213934489446,0.7,1.2387537793446284,0.7,-0.025561584897690736,False,1.2387537793446284
2024-12-04,3.4264150644427147,0.6,3.4635792154321408,0.6,-0.02649554850432393,False,3.4635792154321408
2024-12-05,1.819142414808789,0.1,1.5677535679454682,0.1,-0.012723770227403185,False,1.5677535679454682
2024-12-06,1.389682852569686,0.6,1.3187304399447057,0.6,-0.019411326109802163,False,1.3187304399447057
2024-12-09,1.5444337862121218,0.4,1.556431065536516,0.4,-0.023396333382372004,False,1.556431065536516
2024-12-10,1.0511767884024064,0.5,1.054453989545881,0.5,-0.021411361516327988,False,1.054453989545881
2024-12-11,0.9352429459210061,0.2,0.9274465144467999,0.2,-0.02205715898731562,False,0.9274465144467999
2024-12-12,1.0538355186466377,0.4,1.0488939371678554,0.4,-0.021106672707540363,False,1.0488939371678554
2024-12-13,2.6817857744003266,0.4,2.6972336241801917,0.4,-0.021829395718117317,False,2.6972336241801917
2024-12-16,2.36362114945498,0.3,2.437392137267749,0.1,-0.01856835924104298,False,2.437392137267749
2024-12-17,1.0368543983460383,0.6,0.9860143758856802,0.5,-0.014795578604679066,False,0.9860143758856802
2024-12-18,1.066345716514134,0.5,1.0811714737785825,0.4,-0.01480510356496687,False,1.0811714737785825
2024-12-19,1.1674157000115915,0.4,1.1444186520766348,0.4,-0.012199302164716675,False,1.1444186520766348
2024-12-20,0.8209819440427782,0.8,0.8364989955942438,0.6,-0.0120397672418886,False,0.8364989955942438
2024-12-23,1.749618447835589,0.2,1.7334007989713673,0.3,-0.012151961003613754,False,1.7334007989713673
2024-12-24,1.2393213050248406,0.5,1.239305983579254,0.5,-0.013325279411696256,False,1.239305983579254
2024-12-25,0.7825940739170402,0.7,0.7680705426504965,0.6,-0.011911806351813232,False,0.7680705426504965
2024-12-26,1.6070567874926094,0.2,1.617822979621523,0.2,-0.014412705243477836,False,1.617822979621523
2024-12-27,1.343993002879189,0.4,1.3025554525860756,0.5,-0.014176693448237266,False,1.3025554525860756
2024-12-30,1.6769917752098955,0.6,1.68845611611578,0.6,-0.014357425575528594,False,1.68845611611578
2024-12-31,0.6109631949252107,0.7,0.6099030045904875,0.7,-0.013802359895487237,False,0.6099030045904875
2025-01-02,0.9123096829661259,0.7,0.9107042390933244,0.7,-0.014396988707007586,False,0.9107042390933244
2025-01-03,0.9736475030156655,0.4,0.9692541947090056,0.5,-0.016335468450118962,False,0.9692541947090056
2025-01-06,1.247281020171127,0.7,1.2551060697055538,0.7,-0.003985691522285917,False,1.2551060697055538
2025-01-07,0.9415017578399937,0.3,0.8861144313952927,0.3,-4.681841431556366e-05,False,0.8861144313952927
2025-01-08,1.0785730931198017,0.4,1.0788450301647974,0.5,-0.003416048702770319,False,1.0788450301647974
2025-01-09,3.4685821745658805,0.7,3.466215074426581,0.7,-0.0035663119076942695,False,3.466215074426581
2025-01-10,0.9208087615833035,0.7,0.9284729534457714,0.7,-0.0032948453409489377,False,0.9284729534457714
2025-01-13,3.0760448615740317,0.5,3.1403331457288424,0.4,-0.0026645566738864256,False,3.1403331457288424
2025-01-14,1.938271903794503,0.1,1.837567537109678,0.1,-0.00022253495513914755,False,1.837567537109678
2025-01-15,1.3145933399681606,0.4,1.3011520964338699,0.4,-0.008946302680018853,False,1.3011520964338699
2025-01-16,1.701337597897561,0.4,1.6953375550361556,0.3,-0.007076363733715485,False,1.6953375550361556
2025-01-17,1.410332641132339,0.4,1.404759128352009,0.4,-0.008117653740008179,False,1.404759128352009
2025-01-20,1.152575593308045,0.4,1.2267634386144064,0.5,-0.00724647698227685,False,1.2267634386144064
2025-01-21,0.8723205523224571,0.4,0.9079004040859431,0.4,-0.0043129372945320595,False,0.9079004040859431
2025-01-22,0.8653983676415642,0.7,0.7711309447861192,0.6,-0.0017230622631466796,False,0.7711309447861192
2025-02-03,3.455927133588215,0.4,3.4616612226997683,0.4,-0.006435667333639594,False,3.4616612226997683
2025-02-04,1.4310202441593154,0.4,1.5359577384024323,0.4,-0.005422786314734751,False,1.5359577384024323
2025-02-05,3.585552788994543,0.4,3.584732263543807,0.4,-0.0007142212090245903,False,3.584732263543807
2025-02-06,1.788632838289444,0.6,1.6836795610088546,0.6,0.0013166300330942904,True,1.788632838289444
2025-02-07,0.9815981761036378,0.4,0.9721948307695063,0.3,-0.00450425087622941,False,0.9721948307695063
2025-02-10,0.8128565454419775,0.6,0.822760313627071,0.6,-0.004921408626199825,False,0.822760313627071
2025-02-11,1.0156971923328981,0.5,1.0368772726853712,0.5,-0.004345948023305074,False,1.0368772726853712
2025-02-12,0.45765350417082445,0.7,0.452729275506074,0.7,-0.003067278590348427,False,0.452729275506074
2025-02-13,1.9043528961623555,0.3,1.8968471038283028,0.3,-0.003704742500307287,False,1.8968471038283028
2025-02-14,1.170614019675408,0.5,1.1532986612484522,0.5,-0.0013106657947748706,False,1.1532986612484522
2025-02-17,0.49123015409340975,0.7,0.50561165773875,0.7,-0.00219003056837245,False,0.50561165773875
2025-02-18,0.8514761293318411,0.3,0.8586296161410253,0.3,-0.0013526003791404589,False,0.8586296161410253
2025-02-19,1.5418698352647253,0.4,1.5471358778758941,0.4,-0.0013781356318046472,False,1.5471358778758941
2025-02-20,1.1428474738812304,0.4,1.163860250176468,0.4,-0.004329247708986741,False,1.163860250176468
2025-02-21,1.2326322656851185,0.5,1.2467651591124116,0.5,0.0017566094400163963,True,1.2326322656851185
2025-02-24,0.7861234837393096,0.7,0.7995237539885488,0.6,0.003135316288095588,True,0.7861234837393096
2025-02-25,1.028874486529576,0.8,1.019944718619877,0.8,0.004105331943627813,True,1.028874486529576
2025-02-26,1.0169149415525252,0.7,1.0344418303924707,0.7,0.003937519187159358,True,1.0169149415525252
2025-02-27,1.6145308445542859,0.6,1.614116871738122,0.6,0.001104471363838569,True,1.6145308445542859
2025-03-03,2.771049143888084,0.8,2.7685931083213866,0.8,-0.0006952198651439228,False,2.7685931083213866
2025-03-04,1.5713238002447756,0.2,1.5017268509760489,0.2,0.003895349499293446,True,1.5713238002447756
2025-03-05,1.1529280087932174,0.2,1.1721236071100534,0.2,0.0001287975802794522,True,1.1529280087932174
2025-03-06,0.8140485645048422,0.6,0.8212856441995176,0.6,-0.004158297216034598,False,0.8212856441995176
2025-03-07,1.321280552170536,0.5,1.3346771346073796,0.5,-0.003755416958764038,False,1.3346771346073796
2025-03-10,0.8934424839505917,0.3,0.9035820017583331,0.3,0.002162076027107615,True,0.8934424839505917
2025-03-11,1.741463231353471,0.6,1.7534976505901105,0.5,0.0031392191842012614,True,1.741463231353471
2025-03-12,1.959307771699299,0.4,1.9278249156601988,0.4,0.00324575173677856,True,1.959307771699299
2025-03-13,2.287186402467891,0.0,2.2504482093030944,0.0,0.000612604917199891,True,2.287186402467891
2025-03-14,1.2851338164782942,0.1,1.2789328141453082,0.2,-0.0009780933078024246,False,1.2789328141453082
2025-03-17,0.701081681849119,0.5,0.6965976199221537,0.5,-0.0009128538077490866,False,0.6965976199221537
2025-03-18,1.0105669727502211,0.5,1.0141875665596642,0.5,-0.0002712889827495568,False,1.0141875665596642
2025-03-19,1.0075246150333443,0.5,0.9912612795790199,0.5,-0.0008093344745444154,False,0.9912612795790199
2025-03-20,2.5242706116938245,0.1,2.5199330755823928,0.1,-0.0019801755877198457,False,2.5199330755823928
2025-03-21,0.5994913916317145,0.4,0.5736686421551662,0.4,-0.0024603545238498724,False,0.5736686421551662
2025-03-24,2.4013513451979214,0.6,2.4081521713976253,0.6,-0.004802130812439171,False,2.4081521713976253
2025-03-25,1.2589859496061102,0.3,1.2224573763481519,0.3,-0.005168734173818629,False,1.2224573763481519
2025-03-26,0.7274684591378798,0.5,0.7096162941699609,0.5,-0.007665176349178504,False,0.7096162941699609
2025-03-27,1.208699955696229,0.5,1.216810980637849,0.4,-0.008111296202089497,False,1.216810980637849
2025-03-28,3.619908534272418,0.6,3.6438195234628004,0.6,-0.008582089397005771,False,3.6438195234628004
2025-03-31,5.643446014629575,0.7,5.716659818339183,0.6,-0.00736584129667846,False,5.716659818339183
2025-04-01,3.3641566887688255,0.2,2.9814234085236113,0.3,-0.003582349332863172,False,2.9814234085236113
2025-04-02,1.3350631753147923,0.9,1.3306560965038863,0.9,-0.01923916588168754,False,1.3306560965038863
2025-04-07,10.222543398419791,0.2,10.199892957825535,0.2,-0.02041929973807464,False,10.199892957825535
2025-04-08,7.6169440144085145,0.9,7.809642050831615,0.9,-0.021913675752521244,False,7.809642050831615
2025-04-09,8.525445647120161,0.8,9.782286911354252,0.6,-0.012948603053208418,False,9.782286911354252
2025-04-10,13.883923197801176,0.0,12.532478577016008,0.1,0.04938648426810902,True,13.883923197801176
2025-04-11,2.312965518406026,0.7,2.3946391892574637,0.7,-0.018787467732981355,False,2.3946391892574637
2025-04-14,2.2891366396719386,1.0,2.356052324258559,1.0,-0.01312964138845445,False,2.356052324258559
2025-04-15,5.128542431798949,0.6,5.104336708697837,0.5,-0.007946947500883584,False,5.104336708697837
2025-04-16,4.433432383692035,0.1,4.039459012919519,0.1,-0.008847183539289871,False,4.039459012919519
2025-04-17,1.2342377947202183,0.6,1.2550463752320313,0.5,-0.028321648981567436,False,1.2550463752320313
2025-04-18,1.5926654161905631,0.6,1.699882442511353,0.5,-0.027462249646448944,False,1.699882442511353
2025-04-21,3.6508271156537155,0.2,3.558410526077432,0.2,-0.021288231557693226,False,3.558410526077432
2025-04-22,1.1411348280128244,1.0,1.3235634195631358,0.9,-0.025692184230935812,False,1.3235634195631358
2025-04-23,4.964986770493821,0.0,4.898262620459738,0.0,-0.015279617179592826,False,4.898262620459738
2025-04-24,1.540019872692755,0.6,1.3473977970454143,0.6,-0.0189558659912822,False,1.3473977970454143
2025-04-25,2.26304094610392,0.3,2.2065787236619627,0.3,-0.026760541110751317,False,2.2065787236619627
2025-04-28,0.8558027964591239,0.8,0.9243844857437035,0.8,-0.028691043984453223,False,0.9243844857437035
2025-04-29,1.748745158455547,0.8,1.7746187332473529,0.7,-0.02566751076730525,False,1.7746187332473529
2025-04-30,1.944243817910739,0.5,1.8492320645156326,0.6,-0.02556938148723407,False,1.8492320645156326
2025-05-02,1.6557965455802246,0.3,1.6217567651803777,0.4,-0.033980659342469806,False,1.6217567651803777
2025-05-05,5.01390196419453,0.0,4.961439926027813,0.1,-0.016545984350201444,False,4.961439926027813
2025-05-06,1.7370732570838878,0.5,1.732204172189146,0.4,-0.018948732317991997,False,1.732204172189146
2025-05-07,2.1514798502569215,0.5,2.1677420066032744,0.5,-0.018059664533016256,False,2.1677420066032744
2025-05-08,2.903533735135218,0.4,3.428696464960536,0.2,-0.026881458536853614,False,3.428696464960536
2025-05-09,1.5636042835174824,0.3,1.528494674337708,0.3,-0.06346538525729224,False,1.528494674337708
2025-05-12,3.737178353839089,0.1,3.823168086827888,0.1,0.002351365322977439,True,3.737178353839089
2025-05-13,1.0512531287918998,0.3,1.0763678916374047,0.3,0.002567168429845501,True,1.0512531287918998
2025-05-14,1.648981973500782,0.3,1.6470491338394133,0.2,0.0004771223427897153,True,1.648981973500782
2025-05-15,1.0098417001429714,0.6,0.9777798089996276,0.6,0.0015907665147768645,True,1.0098417001429714
2025-05-16,0.9615940958250603,0.3,0.9666650553502132,0.3,0.019686340496235504,True,0.9615940958250603
2025-05-19,1.7748092936993882,0.8,1.7585235289347156,0.8,0.0188994594469025,True,1.7748092936993882
2025-05-20,0.5772310101633799,0.6,0.5558517662064041,0.6,0.012724319892629376,True,0.5772310101633799
2025-05-21,2.251239581053369,0.2,2.258584214385752,0.2,0.016276187173594758,True,2.251239581053369
2025-05-22,1.4550633729932791,0.6,1.4374328878933167,0.6,0.007521989262698347,True,1.4550633729932791
2025-05-23,1.0427216120110199,0.8,1.022155916678322,0.8,0.009976672509404405,True,1.0427216120110199
2025-05-26,0.7285032330179807,0.7,0.7368135533587565,0.6,0.01857949152513655,True,0.7285032330179807
2025-05-27,0.7161655656754142,0.7,0.7097360533676934,0.7,0.021818118664273196,True,0.7161655656754142
2025-05-28,1.5092277215833456,0.5,1.5028831490706156,0.5,0.018067558584658177,True,1.5092277215833456
2025-05-29,1.2700906098038574,0.4,1.269565206393163,0.4,0.01645665121943138,True,1.2700906098038574
2025-06-02,3.4001221337570997,0.7,3.4020217733900395,0.8,0.021180968718651987,True,3.4001221337570997
2025-06-03,0.9806171587830654,0.3,0.9767925227788634,0.3,0.022977939720291322,True,0.9806171587830654
2025-06-04,2.4319013744582287,0.0,2.433062864019595,0.0,0.02540980982841708,True,2.4319013744582287
2025-06-05,1.0545465491352513,0.4,1.0518577615342661,0.4,0.02571133855122249,True,1.0545465491352513
2025-06-06,1.2301580238759429,0.3,1.2353526041240714,0.3,0.024763791353855584,True,1.2301580238759429
2025-06-09,1.4693476272329957,0.3,1.4805196565584686,0.2,-0.001234616125003879,False,1.4805196565584686
2025-06-10,1.74652048774101,0.5,1.7423492646011787,0.5,0.001079465800258489,True,1.74652048774101
2025-06-11,1.3336236162917061,0.4,1.3347900832177482,0.4,-0.0034285820061730364,False,1.3347900832177482
2025-06-12,0.9477329336270259,0.6,0.944626090473113,0.6,-0.004625996802146176,False,0.944626090473113
2025-06-13,2.2635024518743867,0.8,2.2649630940863643,0.8,-0.004684696976773389,False,2.2649630940863643
2025-06-16,1.1556358952889618,0.2,1.151805628109742,0.2,-0.003008570309007319,False,1.151805628109742
2025-06-17,1.7067333827190285,0.4,1.705436481594544,0.4,-0.0034536316442259573,False,1.705436481594544
2025-06-18,1.142702800546251,0.2,1.1427410852960076,0.3,-0.0027041884622165556,False,1.1427410852960076
2025-06-19,1.8592372604969754,0.3,1.860371986693631,0.3,-0.001633312026879935,False,1.860371986693631
2025-06-20,1.8113592572352737,0.8,1.7646967841030397,0.9,-0.0019438073836663128,False,1.7646967841030397
2025-06-23,0.8040533781033752,0.8,0.8048271962125634,0.8,-0.003395406785279892,False,0.8048271962125634
2025-06-24,3.0725338910307554,0.0,3.050807322589468,0.1,-0.0023284311131855917,False,3.050807322589468
2025-06-25,0.6796704766563909,0.9,0.6943964096122752,0.9,-0.0038302755522887587,False,0.6943964096122752
2025-06-26,0.851872984524683,0.4,0.8470616065714369,0.5,-0.0027725032891085023,False,0.8470616065714369
2025-06-27,1.0096813875620652,0.6,1.0114175922287758,0.5,-0.0026958435611343034,False,1.0114175922287758
2025-06-30,1.3623027355732282,0.8,1.3496417288465945,0.8,-0.0025827631572640565,False,1.3496417288465945
2025-07-01,0.5860673451498614,0.3,0.5758219811205987,0.3,-0.0033107954752427337,False,0.5758219811205987
2025-07-02,0.863343496015513,0.6,0.8629061437948197,0.6,-0.003631831876495767,False,0.8629061437948197
2025-07-03,1.1669328796909129,0.1,1.1626493114995096,0.0,-0.003711773965598747,False,1.1626493114995096
2025-07-04,1.9768684327843693,0.8,1.9545512437515604,0.8,-0.003791512995119656,False,1.9545512437515604
2025-07-07,1.2516436247908058,0.8,1.2710985879949896,0.8,-0.005167101459166529,False,1.2710985879949896
2025-07-08,0.8454020091595849,0.9,0.8651472398018146,0.9,-0.004752954765230982,False,0.8651472398018146
2025-07-09,1.3597317490963647,0.2,1.3468120203267213,0.3,-0.0035571320761279223,False,1.3468120203267213
2025-07-10,0.4878857600765814,0.3,0.48678895052571275,0.3,-0.004261441860912196,False,0.48678895052571275
2025-07-11,1.3260100013533376,0.2,1.3282944699576986,0.2,-0.004160940180759981,False,1.3282944699576986
2025-07-14,0.9024516795791063,0.8,0.8903613861663917,0.7,-0.004119748861140809,False,0.8903613861663917
2025-07-15,1.4471680181298254,0.2,1.4385381657245704,0.2,-0.004532750172815547,False,1.4385381657245704
2025-07-16,1.4083779173223463,0.3,1.4165800958837296,0.3,-0.004899397736854072,False,1.4165800958837296
2025-07-17,2.6549595251420848,0.6,2.6766093059613256,0.6,-0.00449120304627274,False,2.6766093059613256
2025-07-18,1.2585814116784144,0.5,1.2992927062232795,0.4,-0.0034654503151434813,False,1.2992927062232795
2025-07-21,0.9024376067820225,0.5,0.9299014937944904,0.5,0.0009032380687114761,True,0.9024376067820225
2025-07-22,2.183142183273072,0.7,2.173753206612358,0.7,0.002237741513875463,True,2.183142183273072
2025-07-23,2.2823128596484583,0.2,2.264225057139442,0.2,0.002854621102904137,True,2.2823128596484583
2025-07-24,0.5619673481612801,0.4,0.5512542200890145,0.5,0.0012139343296591165,True,0.5619673481612801
2025-07-25,1.1072831750353325,0.2,1.113324506226008,0.2,0.000918846823708136,True,1.1072831750353325
2025-07-28,0.6898592444494382,0.7,0.6868192811008133,0.6,0.0011341031499063792,True,0.6898592444494382
2025-07-29,1.2836086492017234,0.7,1.281195034580234,0.6,0.0016151553188068156,True,1.2836086492017234
2025-07-30,1.5956289385764917,0.6,1.6049129714911465,0.6,0.002006742789195487,True,1.5956289385764917
2025-07-31,1.2218138353598602,0.5,1.226703145568257,0.5,0.0024928120459628946,True,1.2218138353598602
2025-08-04,1.5813386710768143,0.4,1.6032624349123032,0.4,0.002951455965952904,True,1.5813386710768143
2025-08-05,1.923811366748831,0.3,1.920864812898079,0.3,0.005163503609367797,True,1.923811366748831
2025-08-06,0.7803856023953252,0.3,0.7957257808285986,0.4,0.004043427756621004,True,0.7803856023953252
2025-08-07,0.7924291869254476,0.4,0.7867971111466616,0.4,0.0038231751461731854,True,0.7924291869254476
2025-08-08,1.4956071639524793,0.3,1.4993838029222215,0.3,0.004187557795716057,True,1.4956071639524793
2025-08-11,1.0904136176066785,0.2,1.1127935660229709,0.2,0.0044312302217466015,True,1.0904136176066785
2025-08-12,1.5419484101848402,0.2,1.5422070502373564,0.1,0.005436004212343165,True,1.5419484101848402
2025-08-13,2.1536838399581915,0.4,2.2102568634768494,0.4,0.006053450885604705,True,2.1536838399581915
2025-08-14,1.5975182248873534,0.5,1.6243159371266245,0.5,0.009313594681800352,True,1.5975182248873534
2025-08-15,1.2313765002037047,0.2,1.2689728063595853,0.1,0.010243371365694743,True,1.2313765002037047
2025-08-18,1.9238559493234657,0.4,1.9266643830829793,0.4,0.011040697632526731,True,1.9238559493234657
2025-08-19,1.4570826764004594,0.3,1.347386399199255,0.3,0.009145554593259154,True,1.4570826764004594
2025-08-20,1.7110019352939851,0.6,1.689858948194526,0.7,0.002287546382575534,True,1.7110019352939851
2025-08-21,1.8759646471163678,0.0,1.8182036651227484,0.0,0.0016998458606382826,True,1.8759646471163678
2025-08-22,1.4028933797903824,0.3,1.427234509251821,0.3,-0.0002838131135918798,False,1.427234509251821
2025-08-25,1.6268189039425685,0.3,1.6406278120049174,0.3,0.0014688997630933343,True,1.6268189039425685
2025-08-26,2.205271931432889,0.4,2.2252409259604033,0.4,0.0018572786066770042,True,2.205271931432889
2025-08-27,2.220070462993556,0.3,2.2109198000460606,0.3,0.0030077265004839816,True,2.220070462993556
2025-08-28,0.983685043282738,0.6,0.9514840547640716,0.6,0.0026708740841836663,True,0.983685043282738
2025-08-29,1.4209747081780526,0.4,1.405941575336438,0.4,0.0005966230125176053,True,1.4209747081780526
2025-09-01,2.6034425792236005,0.3,2.607662393544377,0.3,-0.0003994991399829728,False,2.607662393544377
2025-09-02,2.0093715318789562,0.4,1.9857639754072913,0.3,-0.0012846966157185947,False,1.9857639754072913
2025-09-03,4.210790065401858,0.5,4.286435311006524,0.4,-0.0023177467467642376,False,4.286435311006524
2025-09-04,2.2423457579636015,0.5,1.9541977509037423,0.5,0.0006975066118053541,True,2.2423457579636015
2025-09-05,1.203012673743057,0.5,1.1585375846827688,0.6,-0.013428289952248307,False,1.1585375846827688
2025-09-08,1.903014526702845,0.5,1.8914871437229426,0.5,-0.015840876353749832,False,1.8914871437229426
2025-09-09,1.890022556503494,0.7,1.8781713377175886,0.7,-0.017536242923559577,False,1.8781713377175886
2025-09-10,1.762582631588622,0.8,1.7434260652496902,0.8,-0.01814173586548066,False,1.7434260652496902
2025-09-11,2.6729530111743776,0.4,2.638879230475937,0.4,-0.021928215358360138,False,2.638879230475937
2025-09-12,4.335300318552052,0.5,4.289079297649494,0.5,-0.024971790005245707,False,4.289079297649494
2025-09-15,2.5284403302405964,0.3,2.4751897008023915,0.4,-0.029162656358167637,False,2.4751897008023915
2025-09-16,2.4562774120785766,0.8,2.439896487905775,0.8,-0.031965609518053564,False,2.439896487905775
2025-09-17,1.8887787226695103,0.1,1.8376467325787171,0.1,-0.027299841866633423,False,1.8376467325787171
2025-09-18,3.226929439896638,0.5,3.231281261522308,0.5,-0.02879929201620013,False,3.231281261522308
2025-09-19,4.968767999791081,0.6,5.057296730370743,0.5,-0.025693651835235663,False,5.057296730370743
2025-09-22,3.4639197558293886,0.7,3.645443825921594,0.7,-0.022484271779324504,False,3.645443825921594
2025-09-23,2.8491709951972752,0.3,2.452376165420886,0.3,-0.014098513677831681,False,2.452376165420886
2025-09-24,1.8978214554031978,0.7,1.8057515210276267,0.7,-0.034936704893026874,False,1.8057515210276267
2025-09-25,4.017555003536797,0.5,3.8468467550222,0.5,-0.03908266846443065,False,3.8468467550222
2025-09-26,2.168465216132756,0.5,2.0597153654079303,0.5,-0.04600803146422719,False,2.0597153654079303
2025-09-30,1.8884165446940617,0.6,1.7970972356229986,0.6,-0.05069386735838775,False,1.7970972356229986
2025-10-01,1.3483538887564432,0.1,1.2991808262178857,0.1,-0.05547082352797972,False,1.2991808262178857
2025-10-02,1.131050266163034,0.7,1.1590609080870047,0.7,-0.056749098831324354,False,1.1590609080870047
2025-10-03,1.2722852148870196,0.5,1.2946559320802182,0.5,-0.059130829015359085,False,1.2946559320802182
2025-10-07,2.182042722190199,0.7,2.2085774240723897,0.8,-0.04360489280270619,False,2.2085774240723897
2025-10-08,1.2657867046927493,0.5,1.3168418246402065,0.4,-0.04005440325558223,False,1.3168418246402065
2025-10-09,1.0470473666006546,0.4,1.056784768300695,0.4,-0.03692527810921425,False,1.056784768300695
2025-10-13,2.590637507978,0.3,2.582596798491763,0.3,-0.035845847084916956,False,2.582596798491763
2025-10-14,3.139385451124479,0.4,3.2047545535312914,0.4,-0.03529005424228222,False,3.2047545535312914
2025-10-15,4.703649984554879,0.6,4.6330792741137765,0.6,-0.03031791008701959,False,4.6330792741137765
2025-10-16,1.949506460491731,0.5,1.8604799191894084,0.5,-0.031535394563946814,False,1.8604799191894084
2025-10-17,3.3621097150734953,0.4,3.406528743447648,0.4,-0.0333241901571527,False,3.406528743447648
2025-10-20,6.991819550005994,0.8,7.006846131313385,0.9,-0.030284192529804972,False,7.006846131313385
2025-10-21,5.8990715854756335,0.5,5.931955832544759,0.5,-0.026976263959895747,False,5.931955832544759
2025-10-22,2.637072615225235,0.6,2.4441958005293407,0.6,-0.02554964268772298,False,2.4441958005293407
2025-10-23,2.2972100107980253,0.6,2.2992018976828144,0.7,-0.039619919951500784,False,2.2992018976828144
2025-10-27,3.4415125337546457,0.5,3.549775653009527,0.5,-0.04859652911187161,False,3.549775653009527
2025-10-28,2.6191042949732286,0.3,2.5755358932150214,0.3,-0.02334363166030809,False,2.5755358932150214
2025-10-29,3.6325008635146916,0.4,3.7011338620813974,0.4,-0.020918555029439893,False,3.7011338620813974
2025-10-30,2.3971044975339737,0.4,2.5536636560559165,0.2,-0.008951492675374744,False,2.5536636560559165
2025-10-31,1.774210985921713,0.4,1.8391548263899136,0.5,0.004313957786963679,True,1.774210985921713
2025-11-03,1.9739309236061071,0.4,1.9711829144783433,0.4,0.012127115263926864,True,1.9739309236061071
2025-11-04,3.56066731488916,0.7,3.591264280166972,0.6,0.01444836793446655,True,3.56066731488916
2025-11-05,1.8647270556971307,0.4,2.1250607210819084,0.3,0.014577684102158612,True,1.8647270556971307
2025-11-06,2.201586035927445,0.2,2.1445622431738265,0.3,0.026475831511737564,True,2.201586035927445
2025-11-07,4.283498623077017,0.1,4.214259463532398,0.2,0.022297906779947103,True,4.283498623077017
2025-11-10,2.5391929526045383,0.5,2.6413261864812596,0.2,0.0162831928053433,True,2.5391929526045383
2025-11-11,2.1394657183728243,0.4,2.0721440590220093,0.4,0.020902984414177345,True,2.1394657183728243
2025-11-12,0.9785905606066629,0.3,0.9679764337332207,0.2,0.017938936920948452,True,0.9785905606066629
2025-11-13,4.009032897587012,0.5,4.01167258941664,0.5,0.014139775456935722,True,4.009032897587012
2025-11-14,3.477168972930337,0.4,3.3638252036096383,0.3,0.017800295570472226,True,3.477168972930337
2025-11-17,3.162645943731884,0.4,3.207332622180669,0.4,0.01658443416955342,True,3.162645943731884
2025-11-18,1.3743961230242294,0.5,1.4000009890587168,0.5,0.016597816673285016,True,1.3743961230242294
2025-11-19,2.9369569830305204,0.3,2.945180221324729,0.3,0.01712673090963982,True,2.9369569830305204
2025-11-20,4.516079619372667,0.7,4.5223398384086035,0.7,0.015893680470893977,True,4.516079619372667
2025-11-21,3.8756974164629474,0.2,3.7392529241866668,0.3,0.025850532157485506,True,3.8756974164629474
2025-11-24,1.6510506138442946,0.6,1.6105475916667227,0.6,0.018928713199432023,True,1.6510506138442946
2025-11-25,1.715447138021584,0.6,1.7100368148402143,0.6,0.011490406127809372,True,1.715447138021584
2025-11-26,1.7033956513909474,0.5,1.7168769827063177,0.4,0.013398310056651241,True,1.7033956513909474
2025-11-27,1.480071212863356,0.6,1.4726260182105966,0.6,0.010640726694084468,True,1.480071212863356
2025-11-28,0.8321989335106703,0.5,0.8195795153342782,0.5,0.0024405090353493584,True,0.8321989335106703
2025-12-01,2.5388055853345817,0.4,2.539312086819567,0.4,-0.0014376538968802755,False,2.539312086819567
2025-12-02,1.5596530841926415,0.2,1.5801718166471688,0.2,-0.0012749283662428224,False,1.5801718166471688
2025-12-03,2.133840717302671,0.6,2.1183994281946132,0.6,-0.0017788400074070566,False,2.1183994281946132
2025-12-04,1.391126066924608,0.4,1.3804381652340725,0.4,-0.015567587732048837,False,1.3804381652340725
2025-12-05,0.915971399522577,0.2,0.918365558229751,0.3,-0.013250793178894693,False,0.918365558229751
2025-12-08,1.0537422414188067,0.6,1.0562908155117738,0.6,-0.00966912726630505,False,1.0562908155117738
2025-12-09,1.4897487800162736,0.3,1.5073193388729456,0.3,-0.01464836025549276,False,1.5073193388729456
2025-12-10,2.0477282614733534,0.7,2.061347038809791,0.6,-0.010403749345118413,False,2.061347038809791
2025-12-11,2.369281854293173,0.4,2.3723628535084846,0.3,-0.009192104134624424,False,2.3723628535084846
2025-12-12,1.1345039114875168,0.6,1.1501475739604523,0.6,-0.009170038765340227,False,1.1501475739604523
2025-12-15,2.2047918970384583,0.6,2.2199074170951274,0.5,-0.00272066717565852,False,2.2199074170951274
2025-12-16,1.950950156082251,0.4,1.9696658858189386,0.4,-0.0041992250952643025,False,1.9696658858189386
2025-12-17,2.204628004901914,0.2,2.186755757706877,0.2,-0.004543681910154296,False,2.186755757706877
2025-12-18,1.3502496343927974,0.4,1.3223535703168698,0.4,-0.005848456184616569,False,1.3223535703168698
2025-12-19,0.6343580195083589,0.7,0.6212380259619825,0.7,-0.007556270340209758,False,0.6212380259619825
2025-12-22,1.4453360115366203,0.9,1.4477917924396106,0.9,-0.001390045403714546,False,1.4477917924396106
2025-12-23,1.5008491413768112,0.3,1.480862214362372,0.3,0.0007578947503135702,True,1.5008491413768112
2025-12-24,0.8321258647830112,0.2,0.8391950040516433,0.2,2.906455866009683e-05,True,0.8321258647830112
2025-12-26,0.6504670442125108,0.4,0.6510696244235726,0.4,-0.00029154504367681633,False,0.6510696244235726
2025-12-29,1.5237028706841174,0.5,1.5206643035233056,0.5,0.00011084369951424588,True,1.5237028706841174
2025-12-30,1.2022710380638983,0.4,1.1921837054133542,0.4,0.0005898862502932645,True,1.2022710380638983
2025-12-31,1.2462015461352371,0.5,1.2518731570134765,0.5,6.0194543516794986e-05,True,1.2462015461352371
2026-01-02,4.112498259626788,0.5,4.124457900141089,0.5,-0.000682161535297604,False,4.124457900141089
2026-01-05,2.5535037776465415,0.3,2.57097198392343,0.3,0.0006878849458203551,True,2.5535037776465415
2026-01-06,2.3486976984679657,0.8,2.332548926162175,0.8,0.002095690344191553,True,2.3486976984679657
2026-01-07,1.486881827319805,0.5,1.468711917562041,0.4,0.0011685437935433196,True,1.486881827319805
2026-01-08,3.6103514241326984,0.4,3.6083296309139463,0.2,0.00013261960100675597,True,3.6103514241326984
2026-01-09,1.1063709478901278,0.4,1.0001932819733201,0.5,-0.000846998002764443,False,1.0001932819733201
2026-01-12,2.8818544542834,0.6,2.891565270554268,0.6,-0.006836820165426705,False,2.891565270554268
2026-01-13,3.4460219993396897,0.6,3.468884762045698,0.6,-0.006505329312648888,False,3.468884762045698
2026-01-14,2.0535622934067703,0.5,1.9764850296903642,0.5,-0.006144374300995237,False,1.9764850296903642
2026-01-15,1.585120532577298,0.4,1.560855637128368,0.4,-0.010754013489648995,False,1.560855637128368
2026-01-16,2.3997588087838304,0.3,2.370500252064369,0.4,-0.01290304474892987,False,2.370500252064369
2026-01-19,3.6083680698744622,0.8,3.624192475455525,0.8,-0.013472360225151081,False,3.624192475455525
2026-01-20,2.591972449318848,0.3,2.602245005791241,0.3,-0.011286336742301561,False,2.602245005791241
2026-01-21,2.4041169207422843,0.7,2.3879533480441806,0.7,-0.010116709241363087,False,2.3879533480441806
2026-01-22,4.396201093014676,0.5,4.368915288604709,0.6,-0.011047676921417792,False,4.368915288604709
2026-01-23,4.372263443848377,0.1,4.323132744895675,0.1,-0.011412620791194183,False,4.323132744895675
2026-01-26,1.8218234084747131,0.2,1.7964119230503304,0.2,-0.014222612702260879,False,1.7964119230503304
2026-01-27,1.0561603081550932,0.7,1.0389327422326775,0.7,-0.01552331598403311,False,1.0389327422326775
2026-01-28,2.869574640145973,0.2,2.858943762245329,0.2,-0.016232765922113306,False,2.858943762245329
2026-01-29,2.8608323541103773,0.3,2.9048383346110187,0.3,-0.016259943184618302,False,2.9048383346110187
2026-01-30,3.3086487621391782,0.6,3.304273311189448,0.5,-0.014343224703498197,False,3.304273311189448
2026-02-02,4.278027655114507,0.5,4.3412696862528435,0.4,-0.015159979276699782,False,4.3412696862528435
2026-02-03,2.169192628216069,0.5,2.0490340001976746,0.8,-0.012871288033627398,False,2.0490340001976746
2026-02-04,0.9952101110770295,0.8,1.0263435396074285,0.8,-0.018071780819257595,False,1.0263435396074285
2026-02-05,2.917783111888463,0.3,2.9087451154929074,0.3,-0.015606613904849437,False,2.9087451154929074
2026-02-06,2.765793932458226,0.7,2.7736394911760995,0.7,-0.015957424063689614,False,2.7736394911760995
2026-02-09,1.2353789733620364,0.7,1.2163271165275815,0.7,-0.010256262831955559,False,1.2163271165275815
2026-02-10,1.051902575935769,0.5,1.038169779452352,0.5,-0.011694396487221698,False,1.038169779452352
2026-02-11,1.3938602067938721,0.3,1.3932665798635053,0.3,-0.013524174446692978,False,1.3932665798635053
2026-02-23,5.923558140149133,0.9,5.890143962284997,1.0,-0.009699992607391012,False,5.890143962284997
2026-02-24,4.3835008282620285,0.6,4.455788949354343,0.6,-0.010157456728151331,False,4.455788949354343
2026-02-25,1.6236732480025133,0.7,1.7496089453150332,0.5,-0.005080122837562556,False,1.7496089453150332
2026-02-26,2.367654354492951,0.7,2.3764201051673988,0.7,0.00042544174901029685,True,2.367654354492951
2026-03-02,3.5188077544047176,0.7,3.5851982842166406,0.6,0.0003501014591130336,True,3.5188077544047176
2026-03-03,3.7554246799791082,0.4,3.6886193864926744,0.4,0.004477806584614369,True,3.7554246799791082
2026-03-04,6.8725809463205625,0.6,7.004589973727742,0.5,0.002501832130791032,True,6.8725809463205625
2026-03-05,4.205642020010759,0.3,3.732033026537431,0.3,0.011558818448785108,True,4.205642020010759
2026-03-06,1.4116527578683922,0.8,1.4143013070432073,0.8,-0.01085105695366218,False,1.4143013070432073
2026-03-09,7.998043427069281,0.2,7.993362236848564,0.2,-0.009857251198800637,False,7.993362236848564
2026-03-10,3.3372028708358528,0.2,3.099150968241646,0.2,-0.009559766814804287,False,3.099150968241646
2026-03-11,4.447260705492151,0.9,4.468148436600049,0.9,-0.023662660969546705,False,4.468148436600049
2026-03-12,3.8400869254965935,0.3,3.845494526241859,0.3,-0.02239950186666529,False,3.845494526241859
2026-03-13,3.7072956362064944,0.2,3.6927565588433966,0.2,-0.025291223386318822,False,3.6927565588433966
2026-03-16,1.78918945182,0.7,1.7732207462769352,0.7,-0.02001024585355398,False,1.7732207462769352
2026-03-17,4.038725580493394,0.6,4.065260436351943,0.7,-0.022365352557227176,False,4.065260436351943
2026-03-18,1.9231722583491682,0.3,1.7835324443025447,0.4,-0.020586709944521935,False,1.7835324443025447
2026-03-19,2.8126435747553375,0.2,2.828514759340964,0.2,-0.027960978582746782,False,2.828514759340964
2026-03-20,2.642410618997809,0.6,2.679049534916877,0.6,-0.02621482651174271,False,2.679049534916877
2026-03-23,3.5634202774942496,0.4,3.5855623225019118,0.4,-0.023696240891618453,False,3.5855623225019118
2026-03-24,2.2678933240706463,0.3,2.2702256903394984,0.3,-0.022559457294717006,False,2.2702256903394984
2026-03-25,3.511904045712005,0.9,3.513251503192709,0.9,-0.02077213008806758,False,3.513251503192709
2026-03-26,2.6469780185383813,0.6,2.593135953941198,0.6,-0.024319163268648098,False,2.593135953941198
2026-03-27,2.166610085748916,0.5,2.3195818310313276,0.4,-0.03330805136413327,False,2.3195818310313276
2026-03-30,4.105596998132983,0.1,4.140692168334656,0.1,-0.026097751633735074,False,4.140692168334656
2026-03-31,4.485051279225527,0.4,4.625412322836443,0.4,-0.027662519614247556,False,4.625412322836443
2026-04-01,2.655848062948364,0.4,2.460984515216436,0.6,-0.017304202759380057,False,2.460984515216436
2026-04-02,3.1562246359957453,0.2,3.1435672475906657,0.2,-0.03364783151633544,False,3.1435672475906657
2026-04-07,5.098196924745061,0.5,5.094789674098616,0.4,-0.010600251262922994,False,5.094789674098616
2026-04-08,4.521343552048929,0.8,4.521971970315632,0.8,-0.010903041253986006,False,4.521971970315632
2026-04-09,2.1159810046041754,0.6,2.2796749565473884,0.6,-0.010637560829615006,False,2.2796749565473884
2026-04-10,1.6003585898158348,0.6,1.7630681281581726,0.6,0.009449731897255991,True,1.6003585898158348
2026-04-13,3.779262338338726,0.7,3.8473987218204675,0.7,0.01654082225897799,True,3.779262338338726
2026-04-14,2.7873781893044027,0.6,3.080608653542913,0.7,0.01967726139580179,True,2.7873781893044027
2026-04-15,2.066876172954775,0.5,2.233818467512562,0.3,0.03506573847588219,True,2.066876172954775
2026-04-16,3.883836869128976,0.7,3.65179665567751,0.7,0.04421128848092477,True,3.883836869128976
2026-04-17,5.299921278482254,0.8,5.249004660116366,0.8,0.03128253501542401,True,5.299921278482254
2026-04-20,2.303813681364118,0.7,2.190953495861763,0.8,0.03571869479946082,True,2.303813681364118
2026-04-21,1.9634807047605538,0.5,1.8858607905856182,0.5,0.029282126295061755,True,1.9634807047605538
2026-04-22,4.009449633466668,0.4,3.9677403894914685,0.3,0.023569184790361568,True,4.009449633466668
2026-04-23,6.2856008271031625,0.5,6.470649791801672,0.5,0.020376620341218503,True,6.2856008271031625
2026-04-24,1.7007355305961496,0.3,1.868699757796481,0.3,0.029512450262701377,True,1.7007355305961496
2026-04-27,1.9105388316269807,0.6,1.7849036637697733,0.7,0.03784328874868275,True,1.9105388316269807
2026-04-28,4.326952252062197,0.4,4.274602970546236,0.4,0.03425363358568156,True,4.326952252062197
2026-04-29,2.8750141330392127,0.4,2.7828442019126074,0.4,0.02398758224576291,True,2.8750141330392127
2026-04-30,2.1670800581127265,0.4,2.1774089897767595,0.4,0.017624327179348982,True,2.1670800581127265
2026-05-04,3.8283141200573754,0.5,3.7535589106694887,0.5,0.011122721582004818,True,3.8283141200573754
2026-05-05,4.064087310919758,0.8,4.0852527394165845,0.8,0.017128138499206885,True,4.064087310919758
2026-05-06,3.098517215549026,0.3,3.0690922935455687,0.3,0.018819279344302182,True,3.098517215549026
2026-05-07,6.0406260235036005,0.4,6.063358194457846,0.5,0.017518395776451572,True,6.0406260235036005
2026-05-08,4.155736027781405,0.4,4.237003634120722,0.4,0.01862358341082872,True,4.155736027781405
2026-05-11,5.752120172420197,0.3,5.792732965019637,0.2,0.014502266130633917,True,5.752120172420197
2026-05-12,3.776886315664187,0.6,3.8896430239394553,0.6,0.008397428843489013,True,3.776886315664187
2026-05-13,4.322668572823897,0.7,4.385805635407169,0.7,0.010628445083165355,True,4.322668572823897
2026-05-14,4.801291606871084,0.7,4.919528162421473,0.6,-0.0008762249995965477,False,4.919528162421473
2026-05-15,4.914291782194552,0.3,4.756441410730852,0.3,-0.0033115119499664224,False,4.756441410730852
2026-05-18,6.2962633781630215,0.2,6.22881478315018,0.4,0.0003979801494218449,True,6.2962633781630215
2026-05-19,4.477047364388369,0.6,4.613615640023832,0.6,-0.0004286186829258576,False,4.613615640023832
2026-05-20,6.080856437665203,0.7,6.184095639125495,0.8,0.012042804373965049,True,6.080856437665203
2026-05-21,3.9611117911488174,0.8,4.187050666270886,0.7,0.021085760155726448,True,3.9611117911488174
2026-05-22,4.376551338471499,0.9,4.544509280365162,0.9,0.034468166110589823,True,4.376551338471499
2026-05-25,5.4352422230320965,0.6,5.611035303667262,0.6,0.03361361497034749,True,5.4352422230320965
2026-05-26,6.8304352991473705,0.6,6.904466676356487,0.5,0.034005057642089206,True,6.8304352991473705
2026-05-27,3.9494701490029014,0.7,3.699394569355621,0.6,0.04398838489540538,True,3.9494701490029014
2026-05-28,3.623058741658049,0.6,3.819072806750472,0.6,0.034102069988839426,True,3.623058741658049
2026-05-29,5.1503849439833145,0.5,4.9201065343462655,0.5,0.04851126979979084,True,5.1503849439833145
2026-06-01,5.105093061090338,0.4,4.915247796853777,0.5,0.036480902734736746,True,5.105093061090338
2026-06-02,4.217212615257004,0.4,4.648774522651574,0.4,0.030726399992303005,True,4.217212615257004
2026-06-03,5.017823999167163,0.4,4.976156343897522,0.5,0.05124622393719016,True,5.017823999167163
2026-06-04,2.896754492156917,0.7,5.209640878715822,0.2,0.05063408727388095,True,2.896754492156917
2026-06-05,6.8673837473904324,0.4,6.8830350781199865,0.4,0.16514179805411391,True,6.8673837473904324
2026-06-08,7.327984597640764,0.3,6.24867441668941,0.6,0.16186098427362577,True,7.327984597640764
2026-06-09,10.073494302302105,0.3,7.78070247130294,0.2,0.10586483559608609,True,10.073494302302105
2026-06-10,5.090041852722992,0.5,3.460190693060318,0.7,-0.014412591367635619,False,3.460190693060318
2026-06-11,6.041631226311021,0.3,6.128796895972632,0.3,-0.09906200247993294,False,6.128796895972632
2026-06-12,6.825603598745936,0.4,7.82520938237528,0.4,-0.10061554677437183,False,7.82520938237528
2026-06-15,7.8841171475341625,0.5,7.949217881119315,0.4,-0.04274273901971959,False,7.949217881119315
2026-06-16,6.330736244970102,0.3,6.353760068617231,0.2,-0.03611527258981988,False,6.353760068617231
2026-06-17,5.453335693271013,0.6,5.302707167818762,0.7,-0.04179249518923658,False,5.302707167818762
2026-06-18,7.67258044513143,0.8,8.245192761912376,0.6,-0.05448588153486374,False,8.245192761912376
2026-06-22,6.710847407699816,0.6,6.87267145865236,0.5,-0.03715220945191986,False,6.87267145865236
2026-06-23,8.967392977698573,0.4,9.277082533360446,0.3,-0.03745890399897582,False,9.277082533360446
2026-06-24,4.571084224757582,0.4,4.435025778779005,0.4,-0.03076408024764048,False,4.435025778779005
2026-06-25,3.9700838226129216,0.6,4.676690647173882,0.6,-0.04126857140702513,False,4.676690647173882
2026-06-26,9.030899090843807,0.3,8.27871236878664,0.5,0.006565548803386912,True,9.030899090843807
2026-06-29,3.8243447306156595,0.5,3.204731758358028,0.6,-0.04084449055409254,False,3.204731758358028
2026-06-30,10.459583778320853,0.4,10.632379180218681,0.3,-0.06031121868512166,False,10.632379180218681
2026-07-01,6.326954281285728,0.5,5.723862972629235,0.4,-0.04217918537840219,False,5.723862972629235
2026-07-02,8.019497739554085,0.4,8.357513939628028,0.3,-0.0939118461809553,False,8.357513939628028
2026-07-03,5.4990712165143085,0.4,4.698958561939912,0.3,-0.07492765341377608,False,4.698958561939912
2026-07-06,6.932882280973255,0.5,5.9035023039284535,0.5,-0.23057760547044115,False,5.9035023039284535
2026-07-07,8.955052561440862,0.3,8.169048039976342,0.4,-0.28282917085915893,False,8.169048039976342
2026-07-08,5.683843849800881,0.5,5.102184678198147,0.6,-0.26816388788481726,False,5.102184678198147
2026-07-09,5.605361022399803,0.4,6.143994513452533,0.3,-0.18260725491499563,False,6.143994513452533
2026-07-10,4.217644823945038,0.0,3.4855786897298286,0.0,-0.07418302237922543,False,3.4855786897298286
2026-07-13,9.384830416640842,0.2,9.396222171925505,0.2,-0.11514461257306648,False,9.396222171925505
2026-07-14,7.531671694187456,0.1,7.653115298174784,0.2,-0.16455531399030054,False,7.653115298174784
2026-07-15,2.724416733768566,0.5,2.545088853760517,0.5,-0.1617381704701918,False,2.545088853760517
2026-07-16,6.3669098161053315,0.3,6.216034653417511,0.3,-0.1718557556529507,False,6.216034653417511
2026-07-17,7.684629072609178,0.8,9.267669960991146,0.3,-0.1718680875147292,False,9.267669960991146
2026-07-20,5.084577422868334,0.8,5.7996439740463455,0.8,-0.12134665893467811,False,5.7996439740463455
2026-07-21,5.37349568727871,0.7,4.747932751840248,0.7,-0.0936845339234047,False,4.747932751840248
2026-07-22,4.725528668443349,0.5,4.836011134627556,0.5,-0.1404471584784214,False,4.836011134627556
2026-07-23,6.128043511225596,0.3,6.364428298957054,0.3,-0.1281201128702822,False,6.364428298957054
2026-07-24,4.849386142630367,0.6,5.971301870291947,0.5,-0.15163121471175733,False,5.971301870291947
2026-07-27,4.161731875958179,0.5,4.044118879683876,0.4,-0.057926092225820014,False,4.044118879683876
2026-07-28,8.541819126024702,0.8,8.208261544261092,0.8,-0.032826093426653616,False,8.208261544261092
2026-07-29,3.9735327947496906,0.9,5.065347248225687,0.9,-0.058143742609725525,False,5.065347248225687
2026-07-30,4.875662564884637,0.8,5.310325876860448,0.7,0.026601545496898926,True,4.875662564884637
2026-07-31,10.52195327682931,0.3,9.995036075541174,0.4,0.03143390109199233,True,10.52195327682931
2026-08-03,4.946549329601554,0.7,6.0202285958513295,0.4,0.045093673756305394,True,4.946549329601554
2026-08-04,2.5453506578597067,0.9,2.7731638186928587,0.8,0.1502466359210342,True,2.5453506578597067
2026-08-05,3.454094234775807,0.4,3.5345396403505958,0.4,0.2009375200359178,True,3.454094234775807
2026-08-06,3.4103388772192615,0.6,3.7280338098997396,0.6,0.23404274889479396,True,3.4103388772192615
2026-08-07,5.616909787729673,0.4,5.817261857951401,0.4,0.22299582097618137,True,5.616909787729673
2026-08-10,5.339548320365134,0.4,4.603842756589615,0.5,0.26961673119802826,True,5.339548320365134
2026-08-11,2.8841471154310403,0.8,2.9715972098447794,0.8,0.23226186524501916,True,2.8841471154310403
2026-08-12,4.267038329646162,0.4,4.241246532788674,0.4,0.23056218976633974,True,4.267038329646162
2026-08-13,6.279606421379872,0.6,6.12709675856259,0.7,0.2382389939238677,True,6.279606421379872
2026-08-14,6.513523499705618,0.2,5.774531240569388,0.2,0.23815726891739467,True,6.513523499705618
2026-08-17,5.4747057738065985,0.3,4.448295347006275,0.5,0.12205561154148478,True,5.4747057738065985
2026-08-18,5.202565417328643,0.5,5.309444807890016,0.4,0.034981762642568026,True,5.202565417328643
2026-08-19,2.314241042766308,0.5,2.23263392290756,0.5,0.07160387894255978,True,2.314241042766308
2026-08-20,2.2579878857378732,0.7,2.194298649719406,0.7,0.06199939964041203,True,2.2579878857378732
2026-08-21,3.5746717764385183,0.4,3.6487963928114637,0.3,0.04699569845291578,True,3.5746717764385183
2026-08-24,2.0361412153901886,0.7,2.1747758247147315,0.8,-0.005393857111515965,False,2.1747758247147315
2026-08-25,2.7393631491586983,0.2,2.8744575949990874,0.2,0.00741852316842635,True,2.7393631491586983
2026-08-26,4.193849881122534,0.4,4.502181065994558,0.3,0.03085112454862633,True,4.193849881122534
2026-08-27,4.051714269455927,0.3,3.8647130560136356,0.5,-0.00832303888157233,False,3.8647130560136356
2026-08-28,3.5342427106935412,0.6,3.803708773723649,0.6,-0.03940626515247747,False,3.803708773723649
2026-08-31,4.082232833769064,0.2,3.8426514864390144,0.3,0.0004128980634346968,True,4.082232833769064
2026-09-01,2.4391653081834015,0.3,2.373749870202711,0.2,-0.06525013261555654,False,2.373749870202711
2026-09-02,3.2609428758942665,0.4,3.14077680612038,0.6,-0.07991156255624868,False,3.14077680612038
2026-09-03,2.0870668974242848,0.8,2.7578117561391418,0.8,-0.08994213632368245,False,2.7578117561391418
2026-09-04,6.544549351275904,0.1,6.508026612443933,0.1,-0.0722896400219635,False,6.508026612443933
2026-09-07,2.753527640349489,0.6,2.63608647366162,0.6,-0.08413338047464844,False,2.63608647366162
2026-09-08,4.407302262339739,0.2,4.352649480934039,0.2,-0.05322016062026595,False,4.352649480934039
2026-09-09,1.0580923392398356,0.5,1.2308709827308248,0.5,-0.060325304411237915,False,1.2308709827308248
2026-09-10,2.403401476960738,0.6,2.4009445153774993,0.6,-0.05039678239381403,False,2.4009445153774993
2026-09-11,4.889402419277437,0.3,4.8660711822746405,0.4,-0.04289414733211191,False,4.8660711822746405
2026-09-14,2.730959539606254,0.4,2.905765007264104,0.5,-0.007111096225440228,False,2.905765007264104
2026-09-15,1.485436625684073,0.4,1.4721089626096249,0.4,0.05294969849746846,True,1.485436625684073
